日期,品种,标的,多空,数量,可用数量,收盘价/结算价,市值/价值,盈亏/逐笔浮盈,开仓均价,持仓均价（期货）,保证金,当日盈亏,今手数,盈亏占比,仓位占比
2023-09-01,基金,银华日利(511880.XSHG),多,100股,100股,101.306,10130.6,2.8,101.278,-,0,2.8,100股,0.03%,200042.4,5.06%
2023-09-01,,Cash,,,,,189911.8,,,,,,,,0
2023-09-04,基金,银华日利(511880.XSHG),多,1800股,1800股,101.299,182338.2,-1.3,101.3,-,0,-4.1,1700股,-0%,200038.3,91.15%
2023-09-04,,Cash,,,,,17700.1,,,,,,,,0
2023-09-05,基金,银华日利(511880.XSHG),多,200股,200股,101.291,20258.2,-1.74,101.3,-,0,-1.6,0股,-0.01%,200031.9,10.13%
2023-09-05,,Cash,,,,,179773.7,,,,,,,,0
2023-09-06,基金,银华日利(511880.XSHG),多,1700股,1700股,101.293,172198.1,-2.84,101.295,-,0,-1.1,1500股,-0%,200030.8,86.09%
2023-09-06,,Cash,,,,,27832.7,,,,,,,,0
2023-09-07,基金,银华日利(511880.XSHG),多,300股,300股,101.301,30390.3,1.9,101.295,-,0,2.4,0股,0.01%,200040.2,15.19%
2023-09-07,,Cash,,,,,169649.9,,,,,,,,0
2023-09-08,基金,银华日利(511880.XSHG),多,1600股,1600股,101.309,162094.4,0.4,101.309,-,0,-1.5,1300股,0%,200038.7,81.03%
2023-09-08,,Cash,,,,,37944.3,,,,,,,,0
2023-09-11,基金,银华日利(511880.XSHG),多,400股,400股,101.312,40524.8,1.3,101.309,-,0,1.2,0股,0%,200045.9,20.26%
2023-09-11,,Cash,,,,,159521.1,,,,,,,,0
2023-09-12,基金,银华日利(511880.XSHG),多,1500股,1500股,101.314,151971,-1.2,101.315,-,0,-2.5,1100股,-0%,200043.4,75.97%
2023-09-12,,Cash,,,,,48072.4,,,,,,,,0
2023-09-13,基金,银华日利(511880.XSHG),多,500股,500股,101.322,50661,3.6,101.315,-,0,4,0股,0.01%,200065.4,25.32%
2023-09-13,,Cash,,,,,149404.4,,,,,,,,0
2023-09-14,基金,银华日利(511880.XSHG),多,1400股,1400股,101.32,141848,-1.9,101.321,-,0,-5.5,900股,-0%,200059.9,70.9%
2023-09-14,,Cash,,,,,58211.9,,,,,,,,0
2023-09-15,基金,银华日利(511880.XSHG),多,600股,600股,101.331,60798.6,5.79,101.321,-,0,6.6,0股,0.01%,200080.9,30.39%
2023-09-15,,Cash,,,,,139282.3,,,,,,,,0
2023-09-18,基金,银华日利(511880.XSHG),多,1300股,1300股,101.335,131735.5,6.09,101.33,-,0,0.3,700股,0%,200081.2,65.84%
2023-09-18,,Cash,,,,,68345.7,,,,,,,,0
2023-09-19,基金,银华日利(511880.XSHG),多,700股,700股,101.338,70936.6,5.38,101.33,-,0,2.1,0股,0.01%,200086.9,35.45%
2023-09-19,,Cash,,,,,129150.3,,,,,,,,0
2023-09-20,基金,银华日利(511880.XSHG),多,1200股,1200股,101.342,121610.4,8.68,101.335,-,0,3.3,500股,0.01%,200090.2,60.78%
2023-09-20,,Cash,,,,,78479.8,,,,,,,,0
2023-09-21,基金,银华日利(511880.XSHG),多,800股,800股,101.341,81072.8,4.98,101.335,-,0,-0.8,0股,0.01%,200089,40.52%
2023-09-21,,Cash,,,,,119016.2,,,,,,,,0
2023-09-22,基金,银华日利(511880.XSHG),多,1100股,1100股,101.346,111480.6,7.78,101.339,-,0,2.8,300股,0.01%,200091.8,55.71%
2023-09-22,,Cash,,,,,88611.2,,,,,,,,0
2023-09-25,基金,银华日利(511880.XSHG),多,900股,900股,101.367,91230.3,25.27,101.339,-,0,18.9,0股,0.03%,200114.3,45.59%
2023-09-25,,Cash,,,,,108884,,,,,,,,0
2023-09-26,股票,日久光电(003015.XSHE),多,8800股,0股,11.53,101464,1496,11.36,-,0,1496,8800股,1.5%,201560.46,50.34%
2023-09-26,股票,双环传动(002472.XSHE),多,3300股,0股,30.12,99396,0,30.12,-,0,0,3300股,0%,201560.46,49.31%
2023-09-26,,Cash,,,,,700.46,,,,,,,,0
2023-09-27,股票,日久光电(003015.XSHE),多,8800股,8800股,10.92,96096,-3872,11.36,-,0,-5368,0股,-3.87%,194443.46,49.42%
2023-09-27,股票,双环传动(002472.XSHE),多,3300股,3300股,29.59,97647,-1749,30.12,-,0,-1749,0股,-1.76%,194443.46,50.22%
2023-09-27,,Cash,,,,,700.46,,,,,,,,0
2023-09-28,股票,日久光电(003015.XSHE),多,8800股,8800股,11.24,98912,-1056,11.36,-,0,2816,0股,-1.06%,193596.46,51.09%
2023-09-28,股票,双环传动(002472.XSHE),多,3300股,3300股,28.48,93984,-5412,30.12,-,0,-3663,0股,-5.44%,193596.46,48.55%
2023-09-28,,Cash,,,,,700.46,,,,,,,,0
2023-10-09,股票,日久光电(003015.XSHE),多,8800股,8800股,11.18,98384,-1584,11.36,-,0,-528,0股,-1.58%,192837.46,51.02%
2023-10-09,股票,双环传动(002472.XSHE),多,3300股,3300股,28.41,93753,-5643,30.12,-,0,-231,0股,-5.68%,192837.46,48.62%
2023-10-09,,Cash,,,,,700.46,,,,,,,,0
2023-10-10,基金,银华日利(511880.XSHG),多,100股,100股,101.486,10148.6,1.9,101.467,-,0,1.9,100股,0.02%,189262.77,5.36%
2023-10-10,,Cash,,,,,179114.17,,,,,,,,0
2023-10-11,基金,银华日利(511880.XSHG),多,1700股,1700股,101.472,172502.4,-5.9,101.475,-,0,-7.8,1600股,-0%,189254.97,91.15%
2023-10-11,,Cash,,,,,16752.57,,,,,,,,0
2023-10-12,基金,银华日利(511880.XSHG),多,200股,200股,101.473,20294.6,-0.49,101.475,-,0,0.2,0股,-0%,189246.17,10.72%
2023-10-12,,Cash,,,,,168951.57,,,,,,,,0
2023-10-13,基金,银华日利(511880.XSHG),多,1600股,1600股,101.491,162385.6,0.31,101.491,-,0,0.8,1400股,0%,189246.97,85.81%
2023-10-13,,Cash,,,,,26861.37,,,,,,,,0
2023-10-16,基金,银华日利(511880.XSHG),多,300股,300股,101.491,30447.3,0.06,101.491,-,0,0,0股,0%,189248.27,16.09%
2023-10-16,,Cash,,,,,158800.97,,,,,,,,0
2023-10-17,股票,崇达技术(002815.XSHE),多,18300股,0股,10.31,188673,0,10.31,-,0,0,18300股,0%,189202.3,99.72%
2023-10-17,,Cash,,,,,529.3,,,,,,,,0
2023-10-18,股票,崇达技术(002815.XSHE),多,18300股,18300股,10.19,186477,-2196,10.31,-,0,-2196,0股,-1.16%,187006.3,99.72%
2023-10-18,,Cash,,,,,529.3,,,,,,,,0
2023-10-19,股票,崇达技术(002815.XSHE),多,18300股,18300股,10.09,184647,-4026,10.31,-,0,-1830,0股,-2.13%,185176.3,99.71%
2023-10-19,,Cash,,,,,529.3,,,,,,,,0
2023-10-20,股票,崇达技术(002815.XSHE),多,18300股,18300股,9.93,181719,-6954,10.31,-,0,-2928,0股,-3.69%,182248.3,99.71%
2023-10-20,,Cash,,,,,529.3,,,,,,,,0
2023-10-23,股票,崇达技术(002815.XSHE),多,18300股,18300股,9.77,178791,-9882,10.31,-,0,-2928,0股,-5.24%,179320.3,99.7%
2023-10-23,,Cash,,,,,529.3,,,,,,,,0
2023-10-24,基金,银华日利(511880.XSHG),多,100股,100股,101.529,10152.9,0.2,101.527,-,0,0.2,100股,0%,178179.95,5.7%
2023-10-24,,Cash,,,,,168027.05,,,,,,,,0
2023-10-25,基金,银华日利(511880.XSHG),多,1600股,1600股,101.517,162427.2,-7,101.521,-,0,-7.2,1500股,-0%,178172.75,91.16%
2023-10-25,,Cash,,,,,15745.55,,,,,,,,0
2023-10-26,基金,银华日利(511880.XSHG),多,200股,200股,101.516,20303.2,-1.08,101.521,-,0,-0.2,0股,-0.01%,178178.15,11.39%
2023-10-26,,Cash,,,,,157874.95,,,,,,,,0
2023-10-27,基金,银华日利(511880.XSHG),多,1500股,1500股,101.53,152295,4.33,101.527,-,0,5.4,1300股,0%,178183.55,85.47%
2023-10-27,,Cash,,,,,25888.55,,,,,,,,0
2023-10-30,基金,银华日利(511880.XSHG),多,300股,300股,101.538,30461.4,3.27,101.527,-,0,2.4,0股,0.01%,178194.35,17.09%
2023-10-30,,Cash,,,,,147732.95,,,,,,,,0
2023-10-31,基金,银华日利(511880.XSHG),多,1400股,1400股,101.547,142165.8,4.86,101.544,-,0,1.6,1100股,0%,178195.95,79.78%
2023-10-31,,Cash,,,,,36030.15,,,,,,,,0
2023-11-01,基金,银华日利(511880.XSHG),多,400股,400股,101.572,40628.8,11.39,101.544,-,0,10,0股,0.03%,178223.95,22.8%
2023-11-01,,Cash,,,,,137595.15,,,,,,,,0
2023-11-02,基金,银华日利(511880.XSHG),多,1300股,1300股,101.583,132057.9,22.99,101.565,-,0,11.6,900股,0.02%,178235.55,74.09%
2023-11-02,,Cash,,,,,46177.65,,,,,,,,0
2023-11-03,基金,银华日利(511880.XSHG),多,500股,500股,101.574,50787,4.34,101.565,-,0,-4.5,0股,0.01%,178227.05,28.5%
2023-11-03,,Cash,,,,,127440.05,,,,,,,,0
2023-11-06,基金,银华日利(511880.XSHG),多,1200股,1200股,101.57,121884,4.44,101.566,-,0,0.1,700股,0%,178227.15,68.39%
2023-11-06,,Cash,,,,,56343.15,,,,,,,,0
2023-11-07,基金,银华日利(511880.XSHG),多,600股,600股,101.586,60951.6,11.82,101.566,-,0,9.6,0股,0.02%,178244.55,34.2%
2023-11-07,,Cash,,,,,117292.95,,,,,,,,0
2023-11-08,基金,银华日利(511880.XSHG),多,1100股,1100股,101.588,111746.8,11.52,101.578,-,0,-0.3,500股,0.01%,178244.25,62.69%
2023-11-08,,Cash,,,,,66497.45,,,,,,,,0
2023-11-09,基金,银华日利(511880.XSHG),多,700股,700股,101.593,71115.1,10.83,101.578,-,0,3.5,0股,0.02%,178249.75,39.9%
2023-11-09,,Cash,,,,,107134.65,,,,,,,,0
2023-11-10,基金,银华日利(511880.XSHG),多,1000股,1000股,101.607,101607,20.93,101.586,-,0,10.1,300股,0.02%,178259.85,57%
2023-11-10,,Cash,,,,,76652.85,,,,,,,,0
2023-11-13,基金,银华日利(511880.XSHG),多,800股,800股,101.611,81288.8,19.95,101.586,-,0,3.2,0股,0.02%,178263.85,45.6%
2023-11-13,,Cash,,,,,96975.05,,,,,,,,0
2023-11-14,基金,银华日利(511880.XSHG),多,900股,900股,101.614,91452.6,22.35,101.589,-,0,2.4,100股,0.02%,178266.25,51.3%
2023-11-14,,Cash,,,,,86813.65,,,,,,,,0
2023-11-15,基金,银华日利(511880.XSHG),多,900股,900股,101.614,91452.6,22.35,101.589,-,0,0,0股,0.02%,178266.25,51.3%
2023-11-15,,Cash,,,,,86813.65,,,,,,,,0
2023-11-16,基金,银华日利(511880.XSHG),多,900股,900股,101.634,91470.6,40.35,101.589,-,0,18,0股,0.04%,178284.25,51.31%
2023-11-16,,Cash,,,,,86813.65,,,,,,,,0
2023-11-17,基金,银华日利(511880.XSHG),多,900股,900股,101.642,91477.8,47.55,101.589,-,0,7.2,0股,0.05%,178291.45,51.31%
2023-11-17,,Cash,,,,,86813.65,,,,,,,,0
2023-11-20,基金,银华日利(511880.XSHG),多,900股,900股,101.659,91493.1,62.85,101.589,-,0,15.3,0股,0.07%,178306.75,51.31%
2023-11-20,,Cash,,,,,86813.65,,,,,,,,0
2023-11-21,基金,银华日利(511880.XSHG),多,900股,900股,101.658,91492.2,61.95,101.589,-,0,-0.9,0股,0.07%,178305.85,51.31%
2023-11-21,,Cash,,,,,86813.65,,,,,,,,0
2023-11-22,基金,银华日利(511880.XSHG),多,900股,900股,101.663,91496.7,66.45,101.589,-,0,4.5,0股,0.07%,178310.35,51.31%
2023-11-22,,Cash,,,,,86813.65,,,,,,,,0
2023-11-23,基金,银华日利(511880.XSHG),多,900股,900股,101.668,91501.2,70.95,101.589,-,0,4.5,0股,0.08%,178314.85,51.31%
2023-11-23,,Cash,,,,,86813.65,,,,,,,,0
2023-11-24,基金,银华日利(511880.XSHG),多,900股,900股,101.692,91522.8,92.55,101.589,-,0,21.6,0股,0.1%,178336.45,51.32%
2023-11-24,,Cash,,,,,86813.65,,,,,,,,0
2023-11-27,基金,银华日利(511880.XSHG),多,900股,900股,101.684,91515.6,85.35,101.589,-,0,-7.2,0股,0.09%,178329.25,51.32%
2023-11-27,,Cash,,,,,86813.65,,,,,,,,0
2023-11-28,基金,银华日利(511880.XSHG),多,900股,900股,101.683,91514.7,84.45,101.589,-,0,-0.9,0股,0.09%,178328.35,51.32%
2023-11-28,,Cash,,,,,86813.65,,,,,,,,0
2023-11-29,基金,银华日利(511880.XSHG),多,900股,900股,101.683,91514.7,84.45,101.589,-,0,0,0股,0.09%,178328.35,51.32%
2023-11-29,,Cash,,,,,86813.65,,,,,,,,0
2023-11-30,基金,银华日利(511880.XSHG),多,900股,900股,101.691,91521.9,91.65,101.589,-,0,7.2,0股,0.1%,178335.55,51.32%
2023-11-30,,Cash,,,,,86813.65,,,,,,,,0
2023-12-01,基金,银华日利(511880.XSHG),多,900股,900股,101.721,91548.9,118.65,101.589,-,0,27,0股,0.13%,178362.55,51.33%
2023-12-01,,Cash,,,,,86813.65,,,,,,,,0
2023-12-04,基金,银华日利(511880.XSHG),多,900股,900股,101.724,91551.6,121.35,101.589,-,0,2.7,0股,0.13%,178365.25,51.33%
2023-12-04,,Cash,,,,,86813.65,,,,,,,,0
2023-12-05,基金,银华日利(511880.XSHG),多,900股,900股,101.727,91554.3,124.05,101.589,-,0,2.7,0股,0.14%,178367.95,51.33%
2023-12-05,,Cash,,,,,86813.65,,,,,,,,0
2023-12-06,基金,银华日利(511880.XSHG),多,900股,900股,101.728,91555.2,124.95,101.589,-,0,0.9,0股,0.14%,178368.85,51.33%
2023-12-06,,Cash,,,,,86813.65,,,,,,,,0
2023-12-07,基金,银华日利(511880.XSHG),多,900股,900股,101.738,91564.2,133.95,101.589,-,0,9,0股,0.15%,178377.85,51.33%
2023-12-07,,Cash,,,,,86813.65,,,,,,,,0
2023-12-08,基金,银华日利(511880.XSHG),多,900股,900股,101.723,91550.7,120.45,101.589,-,0,-13.5,0股,0.13%,178364.35,51.33%
2023-12-08,,Cash,,,,,86813.65,,,,,,,,0
2023-12-11,基金,银华日利(511880.XSHG),多,900股,900股,101.745,91570.5,140.25,101.589,-,0,19.8,0股,0.15%,178384.15,51.33%
2023-12-11,,Cash,,,,,86813.65,,,,,,,,0
2023-12-12,基金,银华日利(511880.XSHG),多,900股,900股,101.763,91586.7,156.45,101.589,-,0,16.2,0股,0.17%,178400.35,51.34%
2023-12-12,,Cash,,,,,86813.65,,,,,,,,0
2023-12-13,基金,银华日利(511880.XSHG),多,900股,900股,101.776,91598.4,168.15,101.589,-,0,11.7,0股,0.18%,178412.05,51.34%
2023-12-13,,Cash,,,,,86813.65,,,,,,,,0
2023-12-14,基金,银华日利(511880.XSHG),多,900股,900股,101.777,91599.3,169.05,101.589,-,0,0.9,0股,0.18%,178412.95,51.34%
2023-12-14,,Cash,,,,,86813.65,,,,,,,,0
2023-12-15,基金,银华日利(511880.XSHG),多,900股,900股,101.784,91605.6,175.35,101.589,-,0,6.3,0股,0.19%,178419.25,51.34%
2023-12-15,,Cash,,,,,86813.65,,,,,,,,0
2023-12-18,基金,银华日利(511880.XSHG),多,900股,900股,101.785,91606.5,176.25,101.589,-,0,0.9,0股,0.19%,178420.15,51.34%
2023-12-18,,Cash,,,,,86813.65,,,,,,,,0
2023-12-19,基金,银华日利(511880.XSHG),多,900股,900股,101.788,91609.2,178.95,101.589,-,0,2.7,0股,0.2%,178422.85,51.34%
2023-12-19,,Cash,,,,,86813.65,,,,,,,,0
2023-12-20,基金,银华日利(511880.XSHG),多,900股,900股,101.796,91616.4,186.15,101.589,-,0,7.2,0股,0.2%,178430.05,51.35%
2023-12-20,,Cash,,,,,86813.65,,,,,,,,0
2023-12-21,基金,银华日利(511880.XSHG),多,900股,900股,101.792,91612.8,182.55,101.589,-,0,-3.6,0股,0.2%,178426.45,51.34%
2023-12-21,,Cash,,,,,86813.65,,,,,,,,0
2023-12-22,基金,银华日利(511880.XSHG),多,900股,900股,101.811,91629.9,199.65,101.589,-,0,17.1,0股,0.22%,178443.55,51.35%
2023-12-22,,Cash,,,,,86813.65,,,,,,,,0
2023-12-25,基金,银华日利(511880.XSHG),多,900股,900股,101.823,91640.7,210.45,101.589,-,0,10.8,0股,0.23%,178454.35,51.35%
2023-12-25,,Cash,,,,,86813.65,,,,,,,,0
2023-12-26,基金,银华日利(511880.XSHG),多,900股,900股,101.822,91639.8,209.55,101.589,-,0,-0.9,0股,0.23%,178453.45,51.35%
2023-12-26,,Cash,,,,,86813.65,,,,,,,,0
2023-12-27,基金,银华日利(511880.XSHG),多,900股,900股,101.825,91642.5,212.25,101.589,-,0,2.7,0股,0.23%,178456.15,51.35%
2023-12-27,,Cash,,,,,86813.65,,,,,,,,0
2023-12-28,基金,银华日利(511880.XSHG),多,900股,900股,101.809,91628.1,197.85,101.589,-,0,-14.4,0股,0.22%,178441.75,51.35%
2023-12-28,,Cash,,,,,86813.65,,,,,,,,0
2023-12-29,基金,银华日利(511880.XSHG),多,900股,900股,100.083,90074.7,249.15,99.806,-,0,51.3,0股,0.28%,178493.05,50.46%
2023-12-29,,Cash,,,,,88418.35,,,,,,,,0
2024-01-02,基金,银华日利(511880.XSHG),多,900股,900股,100.111,90099.9,274.35,99.806,-,0,25.2,0股,0.31%,178518.25,50.47%
2024-01-02,,Cash,,,,,88418.35,,,,,,,,0
2024-01-03,基金,银华日利(511880.XSHG),多,900股,900股,100.113,90101.7,276.15,99.806,-,0,1.8,0股,0.31%,178520.05,50.47%
2024-01-03,,Cash,,,,,88418.35,,,,,,,,0
2024-01-04,基金,银华日利(511880.XSHG),多,900股,900股,100.12,90108,282.45,99.806,-,0,6.3,0股,0.31%,178526.35,50.47%
2024-01-04,,Cash,,,,,88418.35,,,,,,,,0
2024-01-05,基金,银华日利(511880.XSHG),多,900股,900股,100.138,90124.2,298.65,99.806,-,0,16.2,0股,0.33%,178542.55,50.48%
2024-01-05,,Cash,,,,,88418.35,,,,,,,,0
2024-01-08,基金,银华日利(511880.XSHG),多,900股,900股,100.138,90124.2,298.65,99.806,-,0,0,0股,0.33%,178542.55,50.48%
2024-01-08,,Cash,,,,,88418.35,,,,,,,,0
2024-01-09,基金,银华日利(511880.XSHG),多,900股,900股,100.142,90127.8,302.25,99.806,-,0,3.6,0股,0.34%,178546.15,50.48%
2024-01-09,,Cash,,,,,88418.35,,,,,,,,0
2024-01-10,基金,银华日利(511880.XSHG),多,900股,900股,100.15,90135,309.45,99.806,-,0,7.2,0股,0.34%,178553.35,50.48%
2024-01-10,,Cash,,,,,88418.35,,,,,,,,0
2024-01-11,基金,银华日利(511880.XSHG),多,900股,900股,100.148,90133.2,307.65,99.806,-,0,-1.8,0股,0.34%,178551.55,50.48%
2024-01-11,,Cash,,,,,88418.35,,,,,,,,0
2024-01-12,基金,银华日利(511880.XSHG),多,900股,900股,100.17,90153,327.45,99.806,-,0,19.8,0股,0.36%,178571.35,50.49%
2024-01-12,,Cash,,,,,88418.35,,,,,,,,0
2024-01-15,基金,银华日利(511880.XSHG),多,900股,900股,100.179,90161.1,335.55,99.806,-,0,8.1,0股,0.37%,178579.45,50.49%
2024-01-15,,Cash,,,,,88418.35,,,,,,,,0
2024-01-16,基金,银华日利(511880.XSHG),多,900股,900股,100.178,90160.2,334.65,99.806,-,0,-0.9,0股,0.37%,178578.55,50.49%
2024-01-16,,Cash,,,,,88418.35,,,,,,,,0
2024-01-17,基金,银华日利(511880.XSHG),多,900股,900股,100.182,90163.8,338.25,99.806,-,0,3.6,0股,0.38%,178582.15,50.49%
2024-01-17,,Cash,,,,,88418.35,,,,,,,,0
2024-01-18,基金,银华日利(511880.XSHG),多,900股,900股,100.191,90171.9,346.35,99.806,-,0,8.1,0股,0.39%,178590.25,50.49%
2024-01-18,,Cash,,,,,88418.35,,,,,,,,0
2024-01-19,基金,银华日利(511880.XSHG),多,900股,900股,100.208,90187.2,361.65,99.806,-,0,15.3,0股,0.4%,178605.55,50.5%
2024-01-19,,Cash,,,,,88418.35,,,,,,,,0
2024-01-22,基金,银华日利(511880.XSHG),多,900股,900股,100.224,90201.6,376.05,99.806,-,0,14.4,0股,0.42%,178619.95,50.5%
2024-01-22,,Cash,,,,,88418.35,,,,,,,,0
2024-01-23,,Cash,,,,,178608.25,,,,,,,,0
2024-01-24,,Cash,,,,,178608.25,,,,,,,,0
2024-01-25,,Cash,,,,,178608.25,,,,,,,,0
2024-01-26,,Cash,,,,,178608.25,,,,,,,,0
2024-01-29,,Cash,,,,,178608.25,,,,,,,,0
2024-01-30,基金,银华日利(511880.XSHG),多,1700股,1700股,100.254,170431.8,11.9,100.247,-,0,11.9,1700股,0.01%,178620.15,95.42%
2024-01-30,,Cash,,,,,8188.35,,,,,,,,0
2024-01-31,基金,银华日利(511880.XSHG),多,1700股,1700股,100.26,170442,22.1,100.247,-,0,10.2,0股,0.01%,178630.35,95.42%
2024-01-31,,Cash,,,,,8188.35,,,,,,,,0
2024-02-01,基金,银华日利(511880.XSHG),多,1600股,1600股,100.268,160428.8,9.6,100.262,-,0,8.3,1500股,0.01%,178643.45,89.8%
2024-02-01,,Cash,,,,,18214.65,,,,,,,,0
2024-02-02,基金,银华日利(511880.XSHG),多,200股,200股,100.28,20056,3.6,100.262,-,0,2.4,0股,0.02%,178661.25,11.23%
2024-02-02,,Cash,,,,,158605.25,,,,,,,,0
2024-02-05,基金,银华日利(511880.XSHG),多,1500股,1500股,100.287,150430.5,12.8,100.278,-,0,9.2,1300股,0.01%,178670.45,84.19%
2024-02-05,,Cash,,,,,28239.95,,,,,,,,0
2024-02-06,股票,精艺股份(002295.XSHE),多,6500股,0股,4.54,29510,130,4.52,-,0,130,6500股,0.44%,181047.67,16.3%
2024-02-06,股票,英派斯(002899.XSHE),多,3100股,0股,9.83,30473,992,9.51,-,0,992,3100股,3.36%,181047.67,16.83%
2024-02-06,股票,登云股份(002715.XSHE),多,3500股,0股,8.49,29715,0,8.49,-,0,0,3500股,0%,181047.67,16.41%
2024-02-06,股票,名雕股份(002830.XSHE),多,3300股,0股,8.91,29403,165,8.86,-,0,165,3300股,0.56%,181047.67,16.24%
2024-02-06,股票,联诚精密(002921.XSHE),多,3200股,0股,9.3,29760,32,9.29,-,0,32,3200股,0.11%,181047.67,16.44%
2024-02-06,股票,达意隆(002209.XSHE),多,4800股,0股,6.4,30720,1104,6.17,-,0,1104,4800股,3.73%,181047.67,16.97%
2024-02-06,,Cash,,,,,1466.67,,,,,,,,0
2024-02-07,股票,精艺股份(002295.XSHE),多,6500股,6500股,4.13,26845,-2535,4.52,-,0,-2665,0股,-8.63%,163508.67,16.42%
2024-02-07,股票,英派斯(002899.XSHE),多,3100股,3100股,8.89,27559,-1922,9.51,-,0,-2914,0股,-6.52%,163508.67,16.85%
2024-02-07,股票,登云股份(002715.XSHE),多,3500股,3500股,7.64,26740,-2975,8.49,-,0,-2975,0股,-10.01%,163508.67,16.35%
2024-02-07,股票,名雕股份(002830.XSHE),多,3300股,3300股,8.02,26466,-2772,8.86,-,0,-2937,0股,-9.48%,163508.67,16.19%
2024-02-07,股票,联诚精密(002921.XSHE),多,3200股,3200股,8.37,26784,-2944,9.29,-,0,-2976,0股,-9.9%,163508.67,16.38%
2024-02-07,股票,达意隆(002209.XSHE),多,4800股,4800股,5.76,27648,-1968,6.17,-,0,-3072,0股,-6.65%,163508.67,16.91%
2024-02-07,,Cash,,,,,1466.67,,,,,,,,0
2024-02-08,股票,英派斯(002899.XSHE),多,3100股,3100股,9.78,30318,837,9.51,-,0,2759,0股,2.84%,163645.33,18.53%
2024-02-08,股票,名雕股份(002830.XSHE),多,3300股,3300股,8.29,27357,-1881,8.86,-,0,891,0股,-6.43%,163645.33,16.72%
2024-02-08,基金,银华日利(511880.XSHG),多,800股,800股,100.393,80314.4,42.4,100.34,-,0,42.4,800股,0.05%,163645.33,49.08%
2024-02-08,,Cash,,,,,25655.93,,,,,,,,0
2024-02-19,股票,英派斯(002899.XSHE),多,3100股,3100股,10.76,33356,3875,9.51,-,0,3038,0股,13.14%,168822.73,19.76%
2024-02-19,股票,名雕股份(002830.XSHE),多,3300股,3300股,8.95,29535,297,8.86,-,0,2178,0股,1.02%,168822.73,17.49%
2024-02-19,基金,银华日利(511880.XSHG),多,300股,300股,100.346,30103.8,1.8,100.34,-,0,-14.1,0股,0.01%,168822.73,17.83%
2024-02-19,,Cash,,,,,75827.93,,,,,,,,0
2024-02-20,基金,银华日利(511880.XSHG),多,400股,400股,100.353,40141.2,1.82,100.348,-,0,1.26,400股,0%,170071.75,23.6%
2024-02-20,,Cash,,,,,129930.55,,,,,,,,0
2024-02-21,基金,银华日利(511880.XSHG),多,1200股,1200股,100.35,120420,-0.98,100.351,-,0,-2.8,800股,-0%,170068.95,70.81%
2024-02-21,,Cash,,,,,49648.95,,,,,,,,0
2024-02-22,基金,银华日利(511880.XSHG),多,500股,500股,100.353,50176.5,1.09,100.351,-,0,1.5,0股,0%,170073.95,29.5%
2024-02-22,,Cash,,,,,119897.45,,,,,,,,0
2024-02-23,基金,银华日利(511880.XSHG),多,1100股,1100股,100.369,110405.9,9.09,100.361,-,0,8,600股,0.01%,170081.95,64.91%
2024-02-23,,Cash,,,,,59676.05,,,,,,,,0
2024-02-26,基金,银华日利(511880.XSHG),多,600股,600股,100.376,60225.6,9.16,100.361,-,0,4.2,0股,0.02%,170089.65,35.41%
2024-02-26,,Cash,,,,,109864.05,,,,,,,,0
2024-02-27,股票,二六三(002467.XSHE),多,34200股,0股,5.02,171684,1710,4.97,-,0,1710,34200股,1.01%,171761.36,99.95%
2024-02-27,,Cash,,,,,77.36,,,,,,,,0
2024-02-28,股票,二六三(002467.XSHE),多,34200股,34200股,4.52,154584,-15390,4.97,-,0,-17100,0股,-9.05%,154661.36,99.95%
2024-02-28,,Cash,,,,,77.36,,,,,,,,0
2024-02-29,基金,银华日利(511880.XSHG),多,100股,100股,100.374,10037.4,-0.4,100.378,-,0,-0.4,100股,-0%,149685.71,6.71%
2024-02-29,,Cash,,,,,139648.31,,,,,,,,0
2024-03-01,基金,银华日利(511880.XSHG),多,1300股,1300股,100.402,130522.6,-7.2,100.408,-,0,-6.8,1200股,-0.01%,149678.91,87.2%
2024-03-01,,Cash,,,,,19156.31,,,,,,,,0
2024-03-04,基金,银华日利(511880.XSHG),多,200股,200股,100.413,20082.6,1.09,100.408,-,0,2.2,0股,0.01%,149696.51,13.42%
2024-03-04,,Cash,,,,,129613.91,,,,,,,,0
2024-03-05,股票,达意隆(002209.XSHE),多,8000股,0股,9.33,74640,80,9.32,-,0,80,8000股,0.11%,149740.77,49.85%
2024-03-05,股票,康盛股份(002418.XSHE),多,27600股,0股,2.71,74796,0,2.71,-,0,0,27600股,0%,149740.77,49.95%
2024-03-05,,Cash,,,,,304.77,,,,,,,,0
2024-03-06,股票,达意隆(002209.XSHE),多,8000股,8000股,9.34,74720,160,9.32,-,0,80,0股,0.21%,145680.77,51.29%
2024-03-06,股票,康盛股份(002418.XSHE),多,27600股,27600股,2.56,70656,-4140,2.71,-,0,-4140,0股,-5.54%,145680.77,48.5%
2024-03-06,,Cash,,,,,304.77,,,,,,,,0
2024-03-07,股票,达意隆(002209.XSHE),多,8000股,8000股,9.78,78240,3680,9.32,-,0,3520,0股,4.94%,147820.77,52.93%
2024-03-07,股票,康盛股份(002418.XSHE),多,27600股,27600股,2.51,69276,-5520,2.71,-,0,-1380,0股,-7.38%,147820.77,46.86%
2024-03-07,,Cash,,,,,304.77,,,,,,,,0
2024-03-08,股票,达意隆(002209.XSHE),多,8000股,8000股,9.33,74640,80,9.32,-,0,-3600,0股,0.11%,145876.77,51.17%
2024-03-08,股票,康盛股份(002418.XSHE),多,27600股,27600股,2.57,70932,-3864,2.71,-,0,1656,0股,-5.17%,145876.77,48.62%
2024-03-08,,Cash,,,,,304.77,,,,,,,,0
2024-03-11,股票,达意隆(002209.XSHE),多,8000股,8000股,9.05,72400,-2160,9.32,-,0,-2240,0股,-2.9%,145568.77,49.74%
2024-03-11,股票,康盛股份(002418.XSHE),多,27600股,27600股,2.64,72864,-1932,2.71,-,0,1932,0股,-2.58%,145568.77,50.05%
2024-03-11,,Cash,,,,,304.77,,,,,,,,0
2024-03-12,基金,银华日利(511880.XSHG),多,100股,100股,100.449,10044.9,0.1,100.448,-,0,0.1,100股,0%,144961.13,6.93%
2024-03-12,,Cash,,,,,134916.23,,,,,,,,0
2024-03-13,基金,银华日利(511880.XSHG),多,1300股,1300股,100.454,130590.2,7.8,100.448,-,0,7.7,1200股,0.01%,144968.83,90.08%
2024-03-13,,Cash,,,,,14378.63,,,,,,,,0
2024-03-14,基金,银华日利(511880.XSHG),多,200股,200股,100.463,20092.6,3,100.448,-,0,1.8,0股,0.01%,144970.63,13.86%
2024-03-14,,Cash,,,,,124878.03,,,,,,,,0
2024-03-15,基金,银华日利(511880.XSHG),多,1200股,1200股,100.478,120573.6,5,100.474,-,0,2,1000股,0%,144972.63,83.17%
2024-03-15,,Cash,,,,,24399.03,,,,,,,,0
2024-03-18,基金,银华日利(511880.XSHG),多,300股,300股,100.483,30144.9,2.75,100.474,-,0,1.5,0股,0.01%,144977.73,20.79%
2024-03-18,,Cash,,,,,114832.83,,,,,,,,0
2024-03-19,基金,银华日利(511880.XSHG),多,1100股,1100股,100.486,110534.6,0.45,100.486,-,0,-2.3,800股,0%,144975.43,76.24%
2024-03-19,,Cash,,,,,34440.83,,,,,,,,0
2024-03-20,基金,银华日利(511880.XSHG),多,400股,400股,100.492,40196.8,2.56,100.486,-,0,2.4,0股,0.01%,144982.03,27.73%
2024-03-20,,Cash,,,,,104785.23,,,,,,,,0
2024-03-21,基金,银华日利(511880.XSHG),多,1000股,1000股,100.498,100498,6.76,100.491,-,0,4.2,600股,0.01%,144986.23,69.32%
2024-03-21,,Cash,,,,,44488.23,,,,,,,,0
2024-03-22,基金,银华日利(511880.XSHG),多,500股,500股,100.514,50257,11.38,100.491,-,0,8,0股,0.02%,145002.23,34.66%
2024-03-22,,Cash,,,,,94745.23,,,,,,,,0
2024-03-25,基金,银华日利(511880.XSHG),多,900股,900股,100.532,90478.8,25.18,100.504,-,0,13.8,400股,0.03%,145016.03,62.39%
2024-03-25,,Cash,,,,,54537.23,,,,,,,,0
2024-03-26,基金,银华日利(511880.XSHG),多,600股,600股,100.529,60317.4,14.99,100.504,-,0,-1.8,0股,0.02%,145013.03,41.59%
2024-03-26,,Cash,,,,,84695.63,,,,,,,,0
2024-03-27,基金,银华日利(511880.XSHG),多,800股,800股,100.52,80416,8.19,100.51,-,0,-6.8,200股,0.01%,145006.23,55.46%
2024-03-27,,Cash,,,,,64590.23,,,,,,,,0
2024-03-28,基金,银华日利(511880.XSHG),多,700股,700股,100.513,70359.1,2.26,100.51,-,0,-4.9,0股,0%,145000.43,48.52%
2024-03-28,,Cash,,,,,74641.33,,,,,,,,0
2024-03-29,基金,银华日利(511880.XSHG),多,700股,700股,100.568,70397.6,40.76,100.51,-,0,38.5,0股,0.06%,145038.93,48.54%
2024-03-29,,Cash,,,,,74641.33,,,,,,,,0
2024-04-01,基金,银华日利(511880.XSHG),多,700股,700股,100.559,70391.3,34.46,100.51,-,0,-6.3,0股,0.05%,145032.63,48.53%
2024-04-01,,Cash,,,,,74641.33,,,,,,,,0
2024-04-02,基金,银华日利(511880.XSHG),多,700股,700股,100.59,70413,56.16,100.51,-,0,21.7,0股,0.08%,145054.33,48.54%
2024-04-02,,Cash,,,,,74641.33,,,,,,,,0
2024-04-03,基金,银华日利(511880.XSHG),多,700股,700股,100.62,70434,77.16,100.51,-,0,21,0股,0.11%,145075.33,48.55%
2024-04-03,,Cash,,,,,74641.33,,,,,,,,0
2024-04-08,基金,银华日利(511880.XSHG),多,700股,700股,100.633,70443.1,86.26,100.51,-,0,9.1,0股,0.12%,145084.43,48.55%
2024-04-08,,Cash,,,,,74641.33,,,,,,,,0
2024-04-09,基金,银华日利(511880.XSHG),多,700股,700股,100.622,70435.4,78.56,100.51,-,0,-7.7,0股,0.11%,145076.73,48.55%
2024-04-09,,Cash,,,,,74641.33,,,,,,,,0
2024-04-10,基金,银华日利(511880.XSHG),多,700股,700股,100.622,70435.4,78.56,100.51,-,0,0,0股,0.11%,145076.73,48.55%
2024-04-10,,Cash,,,,,74641.33,,,,,,,,0
2024-04-11,基金,银华日利(511880.XSHG),多,700股,700股,100.602,70421.4,64.56,100.51,-,0,-14,0股,0.09%,145062.73,48.55%
2024-04-11,,Cash,,,,,74641.33,,,,,,,,0
2024-04-12,基金,银华日利(511880.XSHG),多,700股,700股,100.618,70432.6,75.76,100.51,-,0,11.2,0股,0.11%,145073.93,48.55%
2024-04-12,,Cash,,,,,74641.33,,,,,,,,0
2024-04-15,基金,银华日利(511880.XSHG),多,700股,700股,100.618,70432.6,75.76,100.51,-,0,0,0股,0.11%,145073.93,48.55%
2024-04-15,,Cash,,,,,74641.33,,,,,,,,0
2024-04-16,基金,银华日利(511880.XSHG),多,700股,700股,100.626,70438.2,81.36,100.51,-,0,5.6,0股,0.12%,145079.53,48.55%
2024-04-16,,Cash,,,,,74641.33,,,,,,,,0
2024-04-17,,Cash,,,,,145078.83,,,,,,,,0
2024-04-18,,Cash,,,,,145078.83,,,,,,,,0
2024-04-19,,Cash,,,,,145078.83,,,,,,,,0
2024-04-22,,Cash,,,,,145078.83,,,,,,,,0
2024-04-23,基金,银华日利(511880.XSHG),多,1400股,1400股,100.654,140915.6,0,100.654,-,0,0,1400股,-0%,145078.83,97.13%
2024-04-23,,Cash,,,,,4163.23,,,,,,,,0
2024-04-24,基金,银华日利(511880.XSHG),多,1400股,1400股,100.654,140915.6,0,100.654,-,0,0,0股,-0%,145078.83,97.13%
2024-04-24,,Cash,,,,,4163.23,,,,,,,,0
2024-04-25,基金,银华日利(511880.XSHG),多,1400股,1400股,100.662,140926.8,11.2,100.654,-,0,11.2,0股,0.01%,145090.03,97.13%
2024-04-25,,Cash,,,,,4163.23,,,,,,,,0
2024-04-26,基金,银华日利(511880.XSHG),多,1400股,1400股,100.662,140926.8,11.2,100.654,-,0,0,0股,0.01%,145090.03,97.13%
2024-04-26,,Cash,,,,,4163.23,,,,,,,,0
2024-04-29,基金,银华日利(511880.XSHG),多,1400股,1400股,100.672,140940.8,25.2,100.654,-,0,14,0股,0.02%,145104.03,97.13%
2024-04-29,,Cash,,,,,4163.23,,,,,,,,0
2024-04-30,基金,银华日利(511880.XSHG),多,100股,100股,100.705,10070.5,5.1,100.654,-,0,3.3,0股,0.05%,145143.73,6.94%
2024-04-30,,Cash,,,,,135073.23,,,,,,,,0
2024-05-06,基金,银华日利(511880.XSHG),多,200股,200股,100.706,20141.2,0.62,100.703,-,0,-0.17,200股,0%,145143.73,13.88%
2024-05-06,,Cash,,,,,125002.53,,,,,,,,0
2024-05-07,基金,银华日利(511880.XSHG),多,1200股,1200股,100.715,120858,4.42,100.711,-,0,3.8,1000股,0%,145147.53,83.27%
2024-05-07,,Cash,,,,,24289.53,,,,,,,,0
2024-05-08,基金,银华日利(511880.XSHG),多,300股,300股,100.721,30216.3,2.9,100.711,-,0,1.8,0股,0.01%,145155.63,20.82%
2024-05-08,,Cash,,,,,114939.33,,,,,,,,0
2024-05-09,基金,银华日利(511880.XSHG),多,1100股,1100股,100.718,110789.8,0.4,100.718,-,0,-2.5,800股,0%,145153.13,76.33%
2024-05-09,,Cash,,,,,34363.33,,,,,,,,0
2024-05-10,基金,银华日利(511880.XSHG),多,400股,400股,100.739,40295.6,8.55,100.718,-,0,8.4,0股,0.02%,145177.63,27.76%
2024-05-10,,Cash,,,,,104882.03,,,,,,,,0
2024-05-13,基金,银华日利(511880.XSHG),多,1000股,1000股,100.738,100738,8.15,100.73,-,0,-0.4,600股,0.01%,145177.23,69.39%
2024-05-13,,Cash,,,,,44439.23,,,,,,,,0
2024-05-14,基金,银华日利(511880.XSHG),多,500股,500股,100.743,50371.5,6.57,100.73,-,0,2.5,0股,0.01%,145182.73,34.7%
2024-05-14,,Cash,,,,,94811.23,,,,,,,,0
2024-05-15,基金,银华日利(511880.XSHG),多,900股,900股,100.747,90672.3,8.57,100.737,-,0,2,400股,0.01%,145184.73,62.45%
2024-05-15,,Cash,,,,,54512.43,,,,,,,,0
2024-05-16,基金,银华日利(511880.XSHG),多,600股,600股,100.749,60449.4,6.92,100.737,-,0,1.2,0股,0.01%,145186.83,41.64%
2024-05-16,,Cash,,,,,84737.43,,,,,,,,0
2024-05-17,基金,银华日利(511880.XSHG),多,800股,800股,100.758,80606.4,11.52,100.744,-,0,4.6,200股,0.01%,145191.43,55.52%
2024-05-17,,Cash,,,,,64585.03,,,,,,,,0
2024-05-20,基金,银华日利(511880.XSHG),多,700股,700股,100.767,70536.9,16.38,100.744,-,0,6.3,0股,0.02%,145198.03,48.58%
2024-05-20,,Cash,,,,,74661.13,,,,,,,,0
2024-05-21,基金,银华日利(511880.XSHG),多,700股,700股,100.77,70539,18.48,100.744,-,0,2.1,0股,0.03%,145200.13,48.58%
2024-05-21,,Cash,,,,,74661.13,,,,,,,,0
2024-05-22,基金,银华日利(511880.XSHG),多,700股,700股,100.776,70543.2,22.68,100.744,-,0,4.2,0股,0.03%,145204.33,48.58%
2024-05-22,,Cash,,,,,74661.13,,,,,,,,0
2024-05-23,基金,银华日利(511880.XSHG),多,700股,700股,100.796,70557.2,36.68,100.744,-,0,14,0股,0.05%,145218.33,48.59%
2024-05-23,,Cash,,,,,74661.13,,,,,,,,0
2024-05-24,基金,银华日利(511880.XSHG),多,700股,700股,100.818,70572.6,52.08,100.744,-,0,15.4,0股,0.07%,145233.73,48.59%
2024-05-24,,Cash,,,,,74661.13,,,,,,,,0
2024-05-27,基金,银华日利(511880.XSHG),多,700股,700股,100.81,70567,46.48,100.744,-,0,-5.6,0股,0.07%,145228.13,48.59%
2024-05-27,,Cash,,,,,74661.13,,,,,,,,0
2024-05-28,基金,银华日利(511880.XSHG),多,700股,700股,100.807,70564.9,44.38,100.744,-,0,-2.1,0股,0.06%,145226.03,48.59%
2024-05-28,,Cash,,,,,74661.13,,,,,,,,0
2024-05-29,基金,银华日利(511880.XSHG),多,700股,700股,100.8,70560,39.48,100.744,-,0,-4.9,0股,0.06%,145221.13,48.59%
2024-05-29,,Cash,,,,,74661.13,,,,,,,,0
2024-05-30,基金,银华日利(511880.XSHG),多,700股,700股,100.816,70571.2,50.68,100.744,-,0,11.2,0股,0.07%,145232.33,48.59%
2024-05-30,,Cash,,,,,74661.13,,,,,,,,0
2024-05-31,基金,银华日利(511880.XSHG),多,700股,700股,100.818,70572.6,52.08,100.744,-,0,1.4,0股,0.07%,145233.73,48.59%
2024-05-31,,Cash,,,,,74661.13,,,,,,,,0
2024-06-03,基金,银华日利(511880.XSHG),多,700股,700股,100.831,70581.7,61.18,100.744,-,0,9.1,0股,0.09%,145242.83,48.6%
2024-06-03,,Cash,,,,,74661.13,,,,,,,,0
2024-06-04,股票,美邦服饰(002269.XSHE),多,61000股,0股,1.19,72590,0,1.19,-,0,0,61000股,0%,145210.04,49.99%
2024-06-04,股票,中公教育(002607.XSHE),多,38000股,0股,1.91,72580,0,1.91,-,0,0,38000股,0%,145210.04,49.98%
2024-06-04,,Cash,,,,,40.04,,,,,,,,0
2024-06-05,股票,美邦服饰(002269.XSHE),多,61000股,61000股,1.23,75030,2440,1.19,-,0,2440,0股,3.36%,142330.04,52.72%
2024-06-05,股票,中公教育(002607.XSHE),多,38000股,38000股,1.77,67260,-5320,1.91,-,0,-5320,0股,-7.33%,142330.04,47.26%
2024-06-05,,Cash,,,,,40.04,,,,,,,,0
2024-06-06,股票,美邦服饰(002269.XSHE),多,61000股,61000股,1.12,68320,-4270,1.19,-,0,-6710,0股,-5.88%,133259.11,51.27%
2024-06-06,基金,银华日利(511880.XSHG),多,100股,100股,100.846,10084.6,0.3,100.843,-,0,0.3,100股,0%,133259.11,7.57%
2024-06-06,,Cash,,,,,54854.51,,,,,,,,0
2024-06-07,股票,美邦服饰(002269.XSHE),多,61000股,61000股,1.09,66490,-6100,1.19,-,0,-1830,0股,-8.4%,131430.61,50.59%
2024-06-07,基金,银华日利(511880.XSHG),多,500股,500股,100.861,50430.5,1.8,100.857,-,0,1.5,400股,0%,131430.61,38.37%
2024-06-07,,Cash,,,,,14510.11,,,,,,,,0
2024-06-11,股票,美邦服饰(002269.XSHE),多,61000股,61000股,1.12,68320,-4270,1.19,-,0,1830,0股,-5.88%,133261.21,51.27%
2024-06-11,基金,银华日利(511880.XSHG),多,200股,200股,100.861,20172.2,0.72,100.857,-,0,0,0股,0%,133261.21,15.14%
2024-06-11,,Cash,,,,,44769.01,,,,,,,,0
2024-06-12,基金,银华日利(511880.XSHG),多,1100股,1100股,100.863,110949.3,0.22,100.863,-,0,-0.5,900股,0%,136830.74,81.09%
2024-06-12,,Cash,,,,,25881.44,,,,,,,,0
2024-06-13,基金,银华日利(511880.XSHG),多,300股,300股,100.865,30259.5,0.66,100.863,-,0,0.6,0股,0%,136833.74,22.11%
2024-06-13,,Cash,,,,,106574.24,,,,,,,,0
2024-06-14,基金,银华日利(511880.XSHG),多,1000股,1000股,100.87,100870,-0.64,100.871,-,0,-1.3,700股,-0%,136832.44,73.72%
2024-06-14,,Cash,,,,,35962.44,,,,,,,,0
2024-06-17,基金,银华日利(511880.XSHG),多,400股,400股,100.882,40352.8,4.54,100.871,-,0,4.8,0股,0.01%,136844.44,29.49%
2024-06-17,,Cash,,,,,96491.64,,,,,,,,0
2024-06-18,基金,银华日利(511880.XSHG),多,900股,900股,100.886,90797.4,5.64,100.88,-,0,1.1,500股,0.01%,136845.54,66.35%
2024-06-18,,Cash,,,,,46048.14,,,,,,,,0
2024-06-19,基金,银华日利(511880.XSHG),多,500股,500股,100.891,50445.5,5.64,100.88,-,0,2.5,0股,0.01%,136851.24,36.86%
2024-06-19,,Cash,,,,,86405.74,,,,,,,,0
2024-06-20,基金,银华日利(511880.XSHG),多,800股,800股,100.896,80716.8,9.04,100.885,-,0,3.4,300股,0.01%,136854.64,58.98%
2024-06-20,,Cash,,,,,56137.84,,,,,,,,0
2024-06-21,基金,银华日利(511880.XSHG),多,600股,600股,100.906,60543.6,12.78,100.885,-,0,6,0股,0.02%,136862.44,44.24%
2024-06-21,,Cash,,,,,76318.84,,,,,,,,0
2024-06-24,基金,银华日利(511880.XSHG),多,700股,700股,100.913,70639.1,17.18,100.888,-,0,4.4,100股,0.02%,136866.84,51.61%
2024-06-24,,Cash,,,,,66227.74,,,,,,,,0
2024-06-25,股票,信隆健康(002105.XSHE),多,16200股,0股,4.2,68040,0,4.2,-,0,0,16200股,0%,136834.21,49.72%
2024-06-25,股票,思美传媒(002712.XSHE),多,18400股,0股,3.7,68080,0,3.7,-,0,0,18400股,0%,136834.21,49.75%
2024-06-25,,Cash,,,,,714.21,,,,,,,,0
2024-06-26,股票,信隆健康(002105.XSHE),多,16200股,16200股,4.36,70632,2592,4.2,-,0,2592,0股,3.81%,138690.21,50.93%
2024-06-26,股票,思美传媒(002712.XSHE),多,18400股,18400股,3.66,67344,-736,3.7,-,0,-736,0股,-1.08%,138690.21,48.56%
2024-06-26,,Cash,,,,,714.21,,,,,,,,0
2024-06-27,股票,信隆健康(002105.XSHE),多,16200股,16200股,4.05,65610,-2430,4.2,-,0,-5022,0股,-3.57%,133484.21,49.15%
2024-06-27,股票,思美传媒(002712.XSHE),多,18400股,18400股,3.65,67160,-920,3.7,-,0,-184,0股,-1.35%,133484.21,50.31%
2024-06-27,,Cash,,,,,714.21,,,,,,,,0
2024-06-28,股票,信隆健康(002105.XSHE),多,16200股,16200股,4.1,66420,-1620,4.2,-,0,810,0股,-2.38%,132454.21,50.15%
2024-06-28,股票,思美传媒(002712.XSHE),多,18400股,18400股,3.55,65320,-2760,3.7,-,0,-1840,0股,-4.05%,132454.21,49.32%
2024-06-28,,Cash,,,,,714.21,,,,,,,,0
2024-07-01,股票,信隆健康(002105.XSHE),多,16200股,16200股,4.15,67230,-810,4.2,-,0,810,0股,-1.19%,135104.21,49.76%
2024-07-01,股票,思美传媒(002712.XSHE),多,18400股,18400股,3.65,67160,-920,3.7,-,0,1840,0股,-1.35%,135104.21,49.71%
2024-07-01,,Cash,,,,,714.21,,,,,,,,0
2024-07-02,基金,银华日利(511880.XSHG),多,100股,100股,100.959,10095.9,0.7,100.952,-,0,0.7,100股,0.01%,138040.24,7.31%
2024-07-02,,Cash,,,,,127944.34,,,,,,,,0
2024-07-03,基金,银华日利(511880.XSHG),多,1200股,1200股,100.954,121144.8,-4.2,100.958,-,0,-4.9,1100股,-0%,138035.34,87.76%
2024-07-03,,Cash,,,,,16890.54,,,,,,,,0
2024-07-04,基金,银华日利(511880.XSHG),多,200股,200股,100.963,20192.6,1.1,100.958,-,0,1.8,0股,0.01%,138042.14,14.63%
2024-07-04,,Cash,,,,,117849.54,,,,,,,,0
2024-07-05,基金,银华日利(511880.XSHG),多,1100股,1100股,100.969,111065.9,3.2,100.966,-,0,2.1,900股,0%,138044.24,80.46%
2024-07-05,,Cash,,,,,26978.34,,,,,,,,0
2024-07-08,基金,银华日利(511880.XSHG),多,300股,300股,100.972,30291.6,1.77,100.966,-,0,0.9,0股,0.01%,138045.94,21.94%
2024-07-08,,Cash,,,,,107754.34,,,,,,,,0
2024-07-09,股票,特一药业(002728.XSHE),多,9500股,0股,7.34,69730,1140,7.22,-,0,1140,9500股,1.66%,139232.74,50.08%
2024-07-09,股票,建艺集团(002789.XSHE),多,8100股,0股,8.43,68283,81,8.42,-,0,81,8100股,0.12%,139232.74,49.04%
2024-07-09,,Cash,,,,,1219.74,,,,,,,,0
2024-07-10,股票,特一药业(002728.XSHE),多,9500股,9500股,7.36,69920,1330,7.22,-,0,190,0股,1.94%,146226.74,47.82%
2024-07-10,股票,建艺集团(002789.XSHE),多,8100股,8100股,9.27,75087,6885,8.42,-,0,6804,0股,10.1%,146226.74,51.35%
2024-07-10,,Cash,,,,,1219.74,,,,,,,,0
2024-07-11,股票,特一药业(002728.XSHE),多,9700股,9500股,7.64,74108,3988,7.229,-,0,2658,200股,5.69%,146844.31,50.47%
2024-07-11,基金,银华日利(511880.XSHG),多,700股,700股,100.974,70681.8,0,100.974,-,0,0,700股,0%,146844.31,48.13%
2024-07-11,,Cash,,,,,2054.51,,,,,,,,0
2024-07-12,股票,特一药业(002728.XSHE),多,9700股,9700股,7.62,73914,3794,7.229,-,0,-194,0股,5.41%,146659.31,50.4%
2024-07-12,基金,银华日利(511880.XSHG),多,100股,100股,100.986,10098.6,1.2,100.974,-,0,1.2,0股,0.01%,146659.31,6.89%
2024-07-12,,Cash,,,,,62646.71,,,,,,,,0
2024-07-15,股票,特一药业(002728.XSHE),多,9700股,9700股,7.49,72653,2533,7.229,-,0,-1261,0股,3.61%,145400.31,49.97%
2024-07-15,基金,银华日利(511880.XSHG),多,600股,600股,100.996,60597.6,3.2,100.991,-,0,2,500股,0.01%,145400.31,41.68%
2024-07-15,,Cash,,,,,12149.71,,,,,,,,0
2024-07-16,基金,银华日利(511880.XSHG),多,800股,800股,100.995,80796,2.2,100.992,-,0,-1,200股,0%,145211.62,55.64%
2024-07-16,,Cash,,,,,64415.62,,,,,,,,0
2024-07-17,基金,银华日利(511880.XSHG),多,700股,700股,100.999,70699.3,4.72,100.992,-,0,2.8,0股,0.01%,145214.82,48.69%
2024-07-17,,Cash,,,,,74515.52,,,,,,,,0
2024-07-18,基金,银华日利(511880.XSHG),多,700股,700股,101,70700,5.43,100.992,-,0,0.7,0股,0.01%,145215.52,48.69%
2024-07-18,,Cash,,,,,74515.52,,,,,,,,0
2024-07-19,基金,银华日利(511880.XSHG),多,700股,700股,101.017,70711.9,17.32,100.992,-,0,11.9,0股,0.02%,145227.42,48.69%
2024-07-19,,Cash,,,,,74515.52,,,,,,,,0
2024-07-22,基金,银华日利(511880.XSHG),多,700股,700股,101.013,70709.1,14.53,100.992,-,0,-2.8,0股,0.02%,145224.62,48.69%
2024-07-22,,Cash,,,,,74515.52,,,,,,,,0
2024-07-23,基金,银华日利(511880.XSHG),多,700股,700股,101.019,70713.3,18.73,100.992,-,0,4.2,0股,0.03%,145228.82,48.69%
2024-07-23,,Cash,,,,,74515.52,,,,,,,,0
2024-07-24,基金,银华日利(511880.XSHG),多,700股,700股,101.022,70715.4,20.83,100.992,-,0,2.1,0股,0.03%,145230.92,48.69%
2024-07-24,,Cash,,,,,74515.52,,,,,,,,0
2024-07-25,基金,银华日利(511880.XSHG),多,700股,700股,101.024,70716.8,22.23,100.992,-,0,1.4,0股,0.03%,145232.32,48.69%
2024-07-25,,Cash,,,,,74515.52,,,,,,,,0
2024-07-26,基金,银华日利(511880.XSHG),多,700股,700股,101.035,70724.5,29.92,100.992,-,0,7.7,0股,0.04%,145240.02,48.69%
2024-07-26,,Cash,,,,,74515.52,,,,,,,,0
2024-07-29,基金,银华日利(511880.XSHG),多,700股,700股,101.04,70728,33.43,100.992,-,0,3.5,0股,0.05%,145243.52,48.7%
2024-07-29,,Cash,,,,,74515.52,,,,,,,,0
2024-07-30,基金,银华日利(511880.XSHG),多,700股,700股,101.044,70730.8,36.22,100.992,-,0,2.8,0股,0.05%,145246.32,48.7%
2024-07-30,,Cash,,,,,74515.52,,,,,,,,0
2024-07-31,基金,银华日利(511880.XSHG),多,700股,700股,101.038,70726.6,32.02,100.992,-,0,-4.2,0股,0.05%,145242.12,48.7%
2024-07-31,,Cash,,,,,74515.52,,,,,,,,0
2024-08-01,基金,银华日利(511880.XSHG),多,700股,700股,101.053,70737.1,42.52,100.992,-,0,10.5,0股,0.06%,145252.62,48.7%
2024-08-01,,Cash,,,,,74515.52,,,,,,,,0
2024-08-02,基金,银华日利(511880.XSHG),多,700股,700股,101.069,70748.3,53.73,100.992,-,0,11.2,0股,0.08%,145263.82,48.7%
2024-08-02,,Cash,,,,,74515.52,,,,,,,,0
2024-08-05,基金,银华日利(511880.XSHG),多,700股,700股,101.079,70755.3,60.72,100.992,-,0,7,0股,0.09%,145270.82,48.71%
2024-08-05,,Cash,,,,,74515.52,,,,,,,,0
2024-08-06,基金,银华日利(511880.XSHG),多,700股,700股,101.079,70755.3,60.72,100.992,-,0,0,0股,0.09%,145270.82,48.71%
2024-08-06,,Cash,,,,,74515.52,,,,,,,,0
2024-08-07,基金,银华日利(511880.XSHG),多,700股,700股,101.084,70758.8,64.23,100.992,-,0,3.5,0股,0.09%,145274.32,48.71%
2024-08-07,,Cash,,,,,74515.52,,,,,,,,0
2024-08-08,基金,银华日利(511880.XSHG),多,700股,700股,101.079,70755.3,60.72,100.992,-,0,-3.5,0股,0.09%,145270.82,48.71%
2024-08-08,,Cash,,,,,74515.52,,,,,,,,0
2024-08-09,基金,银华日利(511880.XSHG),多,700股,700股,101.095,70766.5,71.93,100.992,-,0,11.2,0股,0.1%,145282.02,48.71%
2024-08-09,,Cash,,,,,74515.52,,,,,,,,0
2024-08-12,基金,银华日利(511880.XSHG),多,700股,700股,101.099,70769.3,74.73,100.992,-,0,2.8,0股,0.11%,145284.82,48.71%
2024-08-12,,Cash,,,,,74515.52,,,,,,,,0
2024-08-13,基金,银华日利(511880.XSHG),多,700股,700股,101.101,70770.7,76.13,100.992,-,0,1.4,0股,0.11%,145286.22,48.71%
2024-08-13,,Cash,,,,,74515.52,,,,,,,,0
2024-08-14,基金,银华日利(511880.XSHG),多,700股,700股,101.103,70772.1,77.52,100.992,-,0,1.4,0股,0.11%,145287.62,48.71%
2024-08-14,,Cash,,,,,74515.52,,,,,,,,0
2024-08-15,基金,银华日利(511880.XSHG),多,700股,700股,101.106,70774.2,79.62,100.992,-,0,2.1,0股,0.11%,145289.72,48.71%
2024-08-15,,Cash,,,,,74515.52,,,,,,,,0
2024-08-16,基金,银华日利(511880.XSHG),多,700股,700股,101.121,70784.7,90.12,100.992,-,0,10.5,0股,0.13%,145300.22,48.72%
2024-08-16,,Cash,,,,,74515.52,,,,,,,,0
2024-08-19,基金,银华日利(511880.XSHG),多,700股,700股,101.122,70785.4,90.83,100.992,-,0,0.7,0股,0.13%,145300.92,48.72%
2024-08-19,,Cash,,,,,74515.52,,,,,,,,0
2024-08-20,股票,亚世光电(002952.XSHE),多,6500股,0股,22.28,144820,0,22.28,-,0,0,6500股,0%,145266.11,99.69%
2024-08-20,,Cash,,,,,446.11,,,,,,,,0
2024-08-21,股票,亚世光电(002952.XSHE),多,6500股,6500股,21.02,136630,-8190,22.28,-,0,-8190,0股,-5.66%,137076.11,99.67%
2024-08-21,,Cash,,,,,446.11,,,,,,,,0
2024-08-22,股票,亚世光电(002952.XSHE),多,6500股,6500股,21.5,139750,-5070,22.28,-,0,3120,0股,-3.5%,140196.11,99.68%
2024-08-22,,Cash,,,,,446.11,,,,,,,,0
2024-08-23,基金,银华日利(511880.XSHG),多,100股,100股,101.144,10114.4,-0.1,101.145,-,0,-0.1,100股,-0%,131257.29,7.71%
2024-08-23,,Cash,,,,,121142.89,,,,,,,,0
2024-08-26,基金,银华日利(511880.XSHG),多,1100股,1100股,101.146,111260.6,-1.9,101.148,-,0,-1.8,1000股,-0%,131255.49,84.77%
2024-08-26,,Cash,,,,,19994.89,,,,,,,,0
2024-08-27,基金,银华日利(511880.XSHG),多,200股,200股,101.15,20230,0.45,101.148,-,0,0.8,0股,0%,131259.89,15.41%
2024-08-27,,Cash,,,,,111029.89,,,,,,,,0
2024-08-28,基金,银华日利(511880.XSHG),多,1000股,1000股,101.154,101154,0.45,101.154,-,0,0,800股,0%,131259.89,77.06%
2024-08-28,,Cash,,,,,30105.89,,,,,,,,0
2024-08-29,基金,银华日利(511880.XSHG),多,300股,300股,101.151,30345.3,-0.76,101.154,-,0,-0.9,0股,-0%,131257.59,23.12%
2024-08-29,,Cash,,,,,100912.29,,,,,,,,0
2024-08-30,基金,银华日利(511880.XSHG),多,900股,900股,101.159,91043.1,4.04,101.155,-,0,4.8,600股,0%,131262.39,69.36%
2024-08-30,,Cash,,,,,40219.29,,,,,,,,0
2024-09-02,基金,银华日利(511880.XSHG),多,400股,400股,101.189,40475.6,13.79,101.155,-,0,12,0股,0.03%,131283.39,30.83%
2024-09-02,,Cash,,,,,90807.79,,,,,,,,0
2024-09-03,基金,银华日利(511880.XSHG),多,800股,800股,101.182,80945.6,12.99,101.166,-,0,-0.8,400股,0.02%,131282.59,61.66%
2024-09-03,,Cash,,,,,50336.99,,,,,,,,0
2024-09-04,基金,银华日利(511880.XSHG),多,500股,500股,101.187,50593.5,10.62,101.166,-,0,2.5,0股,0.02%,131285.09,38.54%
2024-09-04,,Cash,,,,,80691.59,,,,,,,,0
2024-09-05,基金,银华日利(511880.XSHG),多,700股,700股,101.194,70835.8,14.92,101.173,-,0,4.3,200股,0.02%,131289.39,53.95%
2024-09-05,,Cash,,,,,60453.59,,,,,,,,0
2024-09-06,基金,银华日利(511880.XSHG),多,600股,600股,101.206,60723.6,19.99,101.173,-,0,7.2,0股,0.03%,131297.59,46.25%
2024-09-06,,Cash,,,,,70573.99,,,,,,,,0
2024-09-09,基金,银华日利(511880.XSHG),多,600股,600股,101.199,60719.4,15.79,101.173,-,0,-4.2,0股,0.03%,131293.39,46.25%
2024-09-09,,Cash,,,,,70573.99,,,,,,,,0
2024-09-10,股票,日发精机(002520.XSHE),多,24400股,0股,5.37,131028,0,5.37,-,0,0,24400股,0%,131262.43,99.82%
2024-09-10,,Cash,,,,,234.43,,,,,,,,0
2024-09-11,股票,日发精机(002520.XSHE),多,24400股,24400股,5.07,123708,-7320,5.37,-,0,-7320,0股,-5.59%,123942.43,99.81%
2024-09-11,,Cash,,,,,234.43,,,,,,,,0
2024-09-12,股票,日发精机(002520.XSHE),多,24400股,24400股,5.02,122488,-8540,5.37,-,0,-1220,0股,-6.52%,122722.43,99.81%
2024-09-12,,Cash,,,,,234.43,,,,,,,,0
2024-09-13,股票,日发精机(002520.XSHE),多,24400股,24400股,4.93,120292,-10736,5.37,-,0,-2196,0股,-8.19%,120526.43,99.81%
2024-09-13,,Cash,,,,,234.43,,,,,,,,0
2024-09-18,基金,银华日利(511880.XSHG),多,100股,100股,101.221,10122.1,-0.2,101.223,-,0,-0.2,100股,-0%,116720.44,8.67%
2024-09-18,,Cash,,,,,106598.34,,,,,,,,0
2024-09-19,股票,日发精机(002520.XSHE),多,29100股,0股,4.24,123384,6984,4,-,0,6984,29100股,6%,123675.84,99.76%
2024-09-19,,Cash,,,,,291.84,,,,,,,,0
2024-09-20,股票,日发精机(002520.XSHE),多,29100股,29100股,4.01,116691,291,4,-,0,-6693,0股,0.25%,116982.84,99.75%
2024-09-20,,Cash,,,,,291.84,,,,,,,,0
2024-09-23,股票,日发精机(002520.XSHE),多,29100股,29100股,4.01,116691,291,4,-,0,0,0股,0.25%,116982.84,99.75%
2024-09-23,,Cash,,,,,291.84,,,,,,,,0
2024-09-24,基金,银华日利(511880.XSHG),多,100股,100股,101.235,10123.5,-1.5,101.25,-,0,-1.5,100股,-0.01%,117116.12,8.64%
2024-09-24,,Cash,,,,,106992.62,,,,,,,,0
2024-09-25,基金,银华日利(511880.XSHG),多,1000股,1000股,101.255,101255,1.4,101.254,-,0,2.9,900股,0%,117119.02,86.45%
2024-09-25,,Cash,,,,,15864.02,,,,,,,,0
2024-09-26,基金,银华日利(511880.XSHG),多,200股,200股,101.246,20249.2,-1.52,101.254,-,0,-1.8,0股,-0.01%,117112.42,17.29%
2024-09-26,,Cash,,,,,96863.22,,,,,,,,0
2024-09-27,基金,银华日利(511880.XSHG),多,900股,900股,101.315,91183.5,89.28,101.216,-,0,90.8,700股,0.1%,117203.22,77.8%
2024-09-27,,Cash,,,,,26019.72,,,,,,,,0
2024-09-30,基金,银华日利(511880.XSHG),多,300股,300股,101.294,30388.2,23.46,101.216,-,0,-6.3,0股,0.08%,117172.32,25.93%
2024-09-30,,Cash,,,,,86784.12,,,,,,,,0
2024-10-08,基金,银华日利(511880.XSHG),多,800股,800股,101.3,81040,25.76,101.268,-,0,2.3,500股,0.03%,117174.62,69.16%
2024-10-08,,Cash,,,,,36134.62,,,,,,,,0
2024-10-09,股票,世联行(002285.XSHE),多,46100股,0股,2.54,117094,0,2.54,-,0,0,46100股,0%,117151.74,99.95%
2024-10-09,,Cash,,,,,57.74,,,,,,,,0
2024-10-10,基金,银华日利(511880.XSHG),多,100股,100股,101.378,10137.8,4.5,101.333,-,0,4.5,100股,0.04%,107801.4,9.4%
2024-10-10,,Cash,,,,,97663.6,,,,,,,,0
2024-10-11,基金,银华日利(511880.XSHG),多,900股,900股,101.472,91324.8,53.1,101.413,-,0,48.6,800股,0.06%,107850,84.68%
2024-10-11,,Cash,,,,,16525.2,,,,,,,,0
2024-10-14,基金,银华日利(511880.XSHG),多,200股,200股,101.488,20297.6,15,101.413,-,0,3.2,0股,0.07%,107837.8,18.82%
2024-10-14,,Cash,,,,,87540.2,,,,,,,,0
2024-10-15,基金,银华日利(511880.XSHG),多,800股,800股,101.379,81103.2,-7.4,101.388,-,0,-22.4,600股,-0.01%,107815.4,75.22%
2024-10-15,,Cash,,,,,26712.2,,,,,,,,0
2024-10-16,基金,银华日利(511880.XSHG),多,300股,300股,101.336,30400.8,-15.68,101.388,-,0,-12.9,0股,-0.05%,107781.5,28.21%
2024-10-16,,Cash,,,,,77380.7,,,,,,,,0
2024-10-17,基金,银华日利(511880.XSHG),多,700股,700股,101.341,70938.7,-12.98,101.36,-,0,2.7,400股,-0.02%,107784.2,65.82%
2024-10-17,,Cash,,,,,36845.5,,,,,,,,0
2024-10-18,基金,银华日利(511880.XSHG),多,400股,400股,101.292,40516.8,-27.01,101.36,-,0,-19.6,0股,-0.07%,107754.7,37.6%
2024-10-18,,Cash,,,,,67237.9,,,,,,,,0
2024-10-21,基金,银华日利(511880.XSHG),多,600股,600股,101.348,60808.8,-4.61,101.356,-,0,22.4,200股,-0.01%,107777.1,56.42%
2024-10-21,,Cash,,,,,46968.3,,,,,,,,0
2024-10-22,基金,银华日利(511880.XSHG),多,500股,500股,101.355,50677.5,-0.35,101.356,-,0,3.5,0股,-0%,107780.9,47.02%
2024-10-22,,Cash,,,,,57103.4,,,,,,,,0
2024-10-23,基金,银华日利(511880.XSHG),多,500股,500股,101.357,50678.5,0.65,101.356,-,0,1,0股,0%,107781.9,47.02%
2024-10-23,,Cash,,,,,57103.4,,,,,,,,0
2024-10-24,基金,银华日利(511880.XSHG),多,500股,500股,101.373,50686.5,8.65,101.356,-,0,8,0股,0.02%,107789.9,47.02%
2024-10-24,,Cash,,,,,57103.4,,,,,,,,0
2024-10-25,基金,银华日利(511880.XSHG),多,500股,500股,101.372,50686,8.15,101.356,-,0,-0.5,0股,0.02%,107789.4,47.02%
2024-10-25,,Cash,,,,,57103.4,,,,,,,,0
2024-10-28,基金,银华日利(511880.XSHG),多,500股,500股,101.378,50689,11.15,101.356,-,0,3,0股,0.02%,107792.4,47.02%
2024-10-28,,Cash,,,,,57103.4,,,,,,,,0
2024-10-29,基金,银华日利(511880.XSHG),多,500股,500股,101.379,50689.5,11.65,101.356,-,0,0.5,0股,0.02%,107792.9,47.02%
2024-10-29,,Cash,,,,,57103.4,,,,,,,,0
2024-10-30,基金,银华日利(511880.XSHG),多,500股,500股,101.385,50692.5,14.65,101.356,-,0,3,0股,0.03%,107795.9,47.03%
2024-10-30,,Cash,,,,,57103.4,,,,,,,,0
2024-10-31,基金,银华日利(511880.XSHG),多,500股,500股,101.394,50697,19.15,101.356,-,0,4.5,0股,0.04%,107800.4,47.03%
2024-10-31,,Cash,,,,,57103.4,,,,,,,,0
2024-11-01,基金,银华日利(511880.XSHG),多,500股,500股,101.41,50705,27.15,101.356,-,0,8,0股,0.05%,107808.4,47.03%
2024-11-01,,Cash,,,,,57103.4,,,,,,,,0
2024-11-04,基金,银华日利(511880.XSHG),多,500股,500股,101.413,50706.5,28.65,101.356,-,0,1.5,0股,0.06%,107809.9,47.03%
2024-11-04,,Cash,,,,,57103.4,,,,,,,,0
2024-11-05,股票,川润股份(002272.XSHE),多,4400股,0股,12.83,56452,3652,12,-,0,3652,4400股,6.92%,123338.31,45.77%
2024-11-05,股票,青岛金王(002094.XSHE),多,6400股,0股,10.23,65472,11904,8.37,-,0,11904,6400股,22.22%,123338.31,53.08%
2024-11-05,,Cash,,,,,1414.31,,,,,,,,0
2024-11-06,股票,川润股份(002272.XSHE),多,5200股,4400股,11.91,61932,-620,12.029,-,0,-4272,800股,-0.99%,116232.41,53.28%
2024-11-06,基金,银华日利(511880.XSHG),多,500股,500股,101.419,50709.5,1.5,101.416,-,0,1.5,500股,0%,116232.41,43.63%
2024-11-06,,Cash,,,,,3590.91,,,,,,,,0
2024-11-07,股票,川润股份(002272.XSHE),多,5200股,5200股,11.59,60268,-2284,12.029,-,0,-1664,0股,-3.65%,114564.81,52.61%
2024-11-07,基金,银华日利(511880.XSHG),多,100股,100股,101.407,10140.7,-0.9,101.416,-,0,-1.2,0股,-0.01%,114564.81,8.85%
2024-11-07,,Cash,,,,,44156.11,,,,,,,,0
2024-11-08,股票,川润股份(002272.XSHE),多,5200股,5200股,11.83,61516,-1036,12.029,-,0,1248,0股,-1.66%,115818.11,53.11%
2024-11-08,基金,银华日利(511880.XSHG),多,400股,400股,101.43,40572,4.4,101.419,-,0,5.3,300股,0.01%,115818.11,35.03%
2024-11-08,,Cash,,,,,13730.11,,,,,,,,0
2024-11-11,股票,川润股份(002272.XSHE),多,5200股,5200股,12.18,63336,784,12.029,-,0,1820,0股,1.25%,117639.31,53.84%
2024-11-11,基金,银华日利(511880.XSHG),多,200股,200股,101.433,20286.6,2.8,101.419,-,0,0.6,0股,0.01%,117639.31,17.24%
2024-11-11,,Cash,,,,,34016.71,,,,,,,,0
2024-11-12,股票,蓝黛科技(002765.XSHE),多,5700股,0股,10.04,57228,0,10.04,-,0,0,5700股,0%,115870.51,49.39%
2024-11-12,股票,中化岩土(002542.XSHE),多,11500股,0股,5.01,57615,0,5.01,-,0,0,11500股,0%,115870.51,49.72%
2024-11-12,,Cash,,,,,1027.51,,,,,,,,0
2024-11-13,股票,蓝黛科技(002765.XSHE),多,5700股,5700股,9.38,53466,-3762,10.04,-,0,-3762,0股,-6.57%,113373.51,47.16%
2024-11-13,股票,中化岩土(002542.XSHE),多,11500股,11500股,5.12,58880,1265,5.01,-,0,1265,0股,2.2%,113373.51,51.93%
2024-11-13,,Cash,,,,,1027.51,,,,,,,,0
2024-11-14,股票,蓝黛科技(002765.XSHE),多,5700股,5700股,8.77,49989,-7239,10.04,-,0,-3477,0股,-12.65%,104031.51,48.05%
2024-11-14,股票,中化岩土(002542.XSHE),多,11500股,11500股,4.61,53015,-4600,5.01,-,0,-5865,0股,-7.98%,104031.51,50.96%
2024-11-14,,Cash,,,,,1027.51,,,,,,,,0
2024-11-15,基金,银华日利(511880.XSHG),多,500股,500股,101.448,50724,-0.5,101.449,-,0,-0.5,500股,-0%,100341.71,50.55%
2024-11-15,,Cash,,,,,49617.71,,,,,,,,0
2024-11-18,基金,银华日利(511880.XSHG),多,500股,500股,101.451,50725.5,1,101.449,-,0,1.5,0股,0%,100343.21,50.55%
2024-11-18,,Cash,,,,,49617.71,,,,,,,,0
2024-11-19,股票,金财互联(002530.XSHE),多,10700股,0股,9.3,99510,0,9.3,-,0,0,10700股,0%,100318.33,99.19%
2024-11-19,,Cash,,,,,808.33,,,,,,,,0
2024-11-20,股票,金财互联(002530.XSHE),多,10700股,10700股,9.47,101329,1819,9.3,-,0,1819,0股,1.83%,102137.33,99.21%
2024-11-20,,Cash,,,,,808.33,,,,,,,,0
2024-11-21,股票,金财互联(002530.XSHE),多,10700股,10700股,9.12,97584,-1926,9.3,-,0,-3745,0股,-1.94%,98392.33,99.18%
2024-11-21,,Cash,,,,,808.33,,,,,,,,0
2024-11-22,股票,金财互联(002530.XSHE),多,10700股,10700股,8.48,90736,-8774,9.3,-,0,-6848,0股,-8.82%,91544.33,99.12%
2024-11-22,,Cash,,,,,808.33,,,,,,,,0
2024-11-25,股票,金财互联(002530.XSHE),多,10700股,10700股,8.71,93197,-6313,9.3,-,0,2461,0股,-6.34%,94005.33,99.14%
2024-11-25,,Cash,,,,,808.33,,,,,,,,0
2024-11-26,股票,泰坦股份(003036.XSHE),多,1400股,0股,12.26,17164,0,12.26,-,0,0,1400股,0%,89375.45,19.2%
2024-11-26,股票,海宁皮城(002344.XSHE),多,3300股,0股,5.35,17655,0,5.35,-,0,0,3300股,0%,89375.45,19.75%
2024-11-26,股票,三维化学(002469.XSHE),多,1500股,0股,11.78,17670,0,11.78,-,0,0,1500股,0%,89375.45,19.77%
2024-11-26,股票,竞业达(003005.XSHE),多,500股,0股,31.34,15670,0,31.34,-,0,0,500股,0%,89375.45,17.53%
2024-11-26,股票,爱仕达(002403.XSHE),多,1100股,0股,15.17,16687,0,15.17,-,0,0,1100股,0%,89375.45,18.67%
2024-11-26,,Cash,,,,,4529.45,,,,,,,,0
2024-11-27,股票,泰坦股份(003036.XSHE),多,1400股,1400股,11.03,15442,-1722,12.26,-,0,-1722,0股,-10.03%,83300.45,18.54%
2024-11-27,股票,海宁皮城(002344.XSHE),多,3300股,3300股,4.88,16104,-1551,5.35,-,0,-1551,0股,-8.79%,83300.45,19.33%
2024-11-27,股票,三维化学(002469.XSHE),多,1500股,1500股,10.6,15900,-1770,11.78,-,0,-1770,0股,-10.02%,83300.45,19.09%
2024-11-27,股票,竞业达(003005.XSHE),多,500股,500股,32.62,16310,640,31.34,-,0,640,0股,4.08%,83300.45,19.58%
2024-11-27,股票,爱仕达(002403.XSHE),多,1100股,1100股,13.65,15015,-1672,15.17,-,0,-1672,0股,-10.02%,83300.45,18.03%
2024-11-27,,Cash,,,,,4529.45,,,,,,,,0
2024-11-28,股票,海宁皮城(002344.XSHE),多,3300股,3300股,4.8,15840,-1815,5.35,-,0,-264,0股,-10.28%,78786.36,20.11%
2024-11-28,股票,竞业达(003005.XSHE),多,500股,500股,30.5,15250,-420,31.34,-,0,-1060,0股,-2.68%,78786.36,19.36%
2024-11-28,股票,爱仕达(002403.XSHE),多,1100股,1100股,12.47,13717,-2970,15.17,-,0,-1298,0股,-17.8%,78786.36,17.41%
2024-11-28,基金,银华日利(511880.XSHG),多,200股,200股,101.495,20299,0.4,101.493,-,0,0.4,200股,0%,78786.36,25.76%
2024-11-28,,Cash,,,,,13680.36,,,,,,,,0
2024-11-29,股票,竞业达(003005.XSHE),多,500股,500股,31.04,15520,-150,31.34,-,0,270,0股,-0.96%,78555.67,19.76%
2024-11-29,基金,银华日利(511880.XSHG),多,400股,400股,101.496,40598.4,0.8,101.494,-,0,0.4,200股,0%,78555.67,51.68%
2024-11-29,,Cash,,,,,22437.27,,,,,,,,0
2024-12-02,股票,竞业达(003005.XSHE),多,500股,500股,30.81,15405,-265,31.34,-,0,-115,0股,-1.69%,78445.27,19.64%
2024-12-02,基金,银华日利(511880.XSHG),多,300股,300股,101.508,30452.4,4.2,101.494,-,0,3.6,0股,0.01%,78445.27,38.82%
2024-12-02,,Cash,,,,,32587.87,,,,,,,,0
2024-12-03,基金,银华日利(511880.XSHG),多,400股,400股,101.513,40605.2,5.5,101.499,-,0,1.3,100股,0.01%,78086.5,52%
2024-12-03,,Cash,,,,,37481.3,,,,,,,,0
2024-12-04,基金,银华日利(511880.XSHG),多,400股,400股,101.525,40610,10.3,101.499,-,0,4.8,0股,0.03%,78091.3,52%
2024-12-04,,Cash,,,,,37481.3,,,,,,,,0
2024-12-05,基金,银华日利(511880.XSHG),多,400股,400股,101.523,40609.2,9.5,101.499,-,0,-0.8,0股,0.02%,78090.5,52%
2024-12-05,,Cash,,,,,37481.3,,,,,,,,0
2024-12-06,基金,银华日利(511880.XSHG),多,400股,400股,101.524,40609.6,9.9,101.499,-,0,0.4,0股,0.02%,78090.9,52%
2024-12-06,,Cash,,,,,37481.3,,,,,,,,0
2024-12-09,基金,银华日利(511880.XSHG),多,400股,400股,101.531,40612.4,12.7,101.499,-,0,2.8,0股,0.03%,78093.7,52%
2024-12-09,,Cash,,,,,37481.3,,,,,,,,0
2024-12-10,基金,银华日利(511880.XSHG),多,400股,400股,101.528,40611.2,11.5,101.499,-,0,-1.2,0股,0.03%,78092.5,52%
2024-12-10,,Cash,,,,,37481.3,,,,,,,,0
2024-12-11,基金,银华日利(511880.XSHG),多,400股,400股,101.533,40613.2,13.5,101.499,-,0,2,0股,0.03%,78094.5,52.01%
2024-12-11,,Cash,,,,,37481.3,,,,,,,,0
2024-12-12,基金,银华日利(511880.XSHG),多,400股,400股,101.543,40617.2,17.5,101.499,-,0,4,0股,0.04%,78098.5,52.01%
2024-12-12,,Cash,,,,,37481.3,,,,,,,,0
2024-12-13,基金,银华日利(511880.XSHG),多,400股,400股,101.559,40623.6,23.9,101.499,-,0,6.4,0股,0.06%,78104.9,52.01%
2024-12-13,,Cash,,,,,37481.3,,,,,,,,0
2024-12-16,基金,银华日利(511880.XSHG),多,400股,400股,101.563,40625.2,25.5,101.499,-,0,1.6,0股,0.06%,78106.5,52.01%
2024-12-16,,Cash,,,,,37481.3,,,,,,,,0
2024-12-17,股票,广百股份(002187.XSHE),多,3500股,0股,7.37,25795,0,7.37,-,0,0,3500股,0%,78086.86,33.03%
2024-12-17,股票,东方智造(002175.XSHE),多,4000股,0股,6.5,26000,0,6.5,-,0,0,4000股,0%,78086.86,33.3%
2024-12-17,股票,建设工业(002265.XSHE),多,1100股,0股,22.88,25168,0,22.88,-,0,0,1100股,0%,78086.86,32.23%
2024-12-17,,Cash,,,,,1123.86,,,,,,,,0
2024-12-18,股票,广百股份(002187.XSHE),多,3500股,3500股,7.15,25025,-770,7.37,-,0,-770,0股,-2.99%,76525.86,32.7%
2024-12-18,股票,东方智造(002175.XSHE),多,4000股,4000股,6.8,27200,1200,6.5,-,0,1200,0股,4.62%,76525.86,35.54%
2024-12-18,股票,建设工业(002265.XSHE),多,1100股,1100股,21.07,23177,-1991,22.88,-,0,-1991,0股,-7.91%,76525.86,30.29%
2024-12-18,,Cash,,,,,1123.86,,,,,,,,0
2024-12-19,股票,广百股份(002187.XSHE),多,3500股,3500股,6.73,23555,-2240,7.37,-,0,-1470,0股,-8.68%,71763.86,32.82%
2024-12-19,股票,东方智造(002175.XSHE),多,4000股,4000股,6.12,24480,-1520,6.5,-,0,-2720,0股,-5.85%,71763.86,34.11%
2024-12-19,股票,建设工业(002265.XSHE),多,1100股,1100股,20.55,22605,-2563,22.88,-,0,-572,0股,-10.18%,71763.86,31.5%
2024-12-19,,Cash,,,,,1123.86,,,,,,,,0
2024-12-20,股票,广百股份(002187.XSHE),多,3500股,3500股,6.51,22785,-3010,7.37,-,0,-770,0股,-11.67%,69825.4,32.63%
2024-12-20,基金,银华日利(511880.XSHG),多,200股,200股,101.576,20315.2,0,101.576,-,0,0,200股,0%,69825.4,29.09%
2024-12-20,,Cash,,,,,26725.2,,,,,,,,0
2024-12-23,基金,银华日利(511880.XSHG),多,300股,300股,101.578,30473.4,0.15,101.578,-,0,0.15,200股,0%,69028.18,44.15%
2024-12-23,,Cash,,,,,38554.78,,,,,,,,0
2024-12-24,股票,粤传媒(002181.XSHE),多,9300股,0股,7.38,68634,0,7.38,-,0,0,9300股,0%,69010.72,99.45%
2024-12-24,,Cash,,,,,376.72,,,,,,,,0
2024-12-25,股票,粤传媒(002181.XSHE),多,9300股,9300股,6.66,61938,-6696,7.38,-,0,-6696,0股,-9.76%,62314.72,99.4%
2024-12-25,,Cash,,,,,376.72,,,,,,,,0
2024-12-26,基金,银华日利(511880.XSHG),多,100股,100股,101.586,10158.6,-0.1,101.587,-,0,-0.1,100股,-0%,60379.52,16.82%
2024-12-26,,Cash,,,,,50220.92,,,,,,,,0
2024-12-27,基金,银华日利(511880.XSHG),多,400股,400股,101.602,40640.8,1.5,101.598,-,0,1.6,300股,0%,60381.12,67.31%
2024-12-27,,Cash,,,,,19740.32,,,,,,,,0
2024-12-30,基金,银华日利(511880.XSHG),多,200股,200股,101.613,20322.6,2.95,101.598,-,0,2.2,0股,0.01%,60383.12,33.66%
2024-12-30,,Cash,,,,,40060.52,,,,,,,,0
2024-12-31,股票,沃华医药(002107.XSHE),多,6300股,0股,4.78,30114,0,4.78,-,0,0,6300股,0%,60369.2,49.88%
2024-12-31,股票,实益达(002137.XSHE),多,3300股,0股,8.99,29667,0,8.99,-,0,0,3300股,0%,60369.2,49.14%
2024-12-31,,Cash,,,,,588.2,,,,,,,,0
2025-01-02,,Cash,,,,,57906.46,,,,,,,,0
2025-01-03,,Cash,,,,,57906.46,,,,,,,,0
2025-01-06,,Cash,,,,,57906.46,,,,,,,,0
2025-01-07,基金,银华日利(511880.XSHG),多,500股,500股,100.089,50044.5,2,100.085,-,0,2,500股,0%,57908.46,86.42%
2025-01-07,,Cash,,,,,7863.96,,,,,,,,0
2025-01-08,基金,银华日利(511880.XSHG),多,500股,500股,100.122,50061,18.5,100.085,-,0,16.5,0股,0.04%,57924.96,86.42%
2025-01-08,,Cash,,,,,7863.96,,,,,,,,0
2025-01-09,基金,银华日利(511880.XSHG),多,500股,500股,100.11,50055,12.5,100.085,-,0,-6,0股,0.02%,57918.96,86.42%
2025-01-09,,Cash,,,,,7863.96,,,,,,,,0
2025-01-10,基金,银华日利(511880.XSHG),多,500股,500股,100.119,50059.5,17,100.085,-,0,4.5,0股,0.03%,57923.46,86.42%
2025-01-10,,Cash,,,,,7863.96,,,,,,,,0
2025-01-13,基金,银华日利(511880.XSHG),多,500股,500股,100.103,50051.5,9,100.085,-,0,-8,0股,0.02%,57915.46,86.42%
2025-01-13,,Cash,,,,,7863.96,,,,,,,,0
2025-01-14,基金,银华日利(511880.XSHG),多,100股,100股,100.095,10009.5,1,100.085,-,0,-0.8,0股,0.01%,57913.46,17.28%
2025-01-14,,Cash,,,,,47903.96,,,,,,,,0
2025-01-15,基金,银华日利(511880.XSHG),多,100股,100股,100.114,10011.4,2.9,100.085,-,0,1.9,0股,0.03%,57915.36,17.29%
2025-01-15,,Cash,,,,,47903.96,,,,,,,,0
2025-01-16,基金,银华日利(511880.XSHG),多,100股,100股,100.105,10010.5,2,100.085,-,0,-0.9,0股,0.02%,57914.46,17.28%
2025-01-16,,Cash,,,,,47903.96,,,,,,,,0
2025-01-17,基金,银华日利(511880.XSHG),多,100股,100股,100.113,10011.3,2.8,100.085,-,0,0.8,0股,0.03%,57915.26,17.29%
2025-01-17,,Cash,,,,,47903.96,,,,,,,,0
2025-01-20,基金,银华日利(511880.XSHG),多,100股,100股,100.107,10010.7,2.2,100.085,-,0,-0.6,0股,0.02%,57914.66,17.29%
2025-01-20,,Cash,,,,,47903.96,,,,,,,,0
2025-01-21,基金,银华日利(511880.XSHG),多,400股,400股,100.12,40048,2.9,100.113,-,0,0.7,300股,0.01%,57915.36,69.15%
2025-01-21,,Cash,,,,,17867.36,,,,,,,,0
2025-01-22,基金,银华日利(511880.XSHG),多,400股,400股,100.129,40051.6,6.5,100.113,-,0,3.6,0股,0.02%,57918.96,69.15%
2025-01-22,,Cash,,,,,17867.36,,,,,,,,0
2025-01-23,基金,银华日利(511880.XSHG),多,400股,400股,100.123,40049.2,4.1,100.113,-,0,-2.4,0股,0.01%,57916.56,69.15%
2025-01-23,,Cash,,,,,17867.36,,,,,,,,0
2025-01-24,基金,银华日利(511880.XSHG),多,400股,400股,100.125,40050,4.9,100.113,-,0,0.8,0股,0.01%,57917.36,69.15%
2025-01-24,,Cash,,,,,17867.36,,,,,,,,0
2025-01-27,基金,银华日利(511880.XSHG),多,200股,200股,100.19,20038,15.45,100.113,-,0,13,0股,0.08%,57941.76,34.58%
2025-01-27,,Cash,,,,,37903.76,,,,,,,,0
2025-02-05,基金,银华日利(511880.XSHG),多,300股,300股,100.2,30060,18.75,100.138,-,0,3.3,100股,0.06%,57945.06,51.88%
2025-02-05,,Cash,,,,,27885.06,,,,,,,,0
2025-02-06,基金,银华日利(511880.XSHG),多,300股,300股,100.191,30057.3,16.05,100.138,-,0,-2.7,0股,0.05%,57942.36,51.87%
2025-02-06,,Cash,,,,,27885.06,,,,,,,,0
2025-02-07,基金,银华日利(511880.XSHG),多,300股,300股,100.195,30058.5,17.25,100.138,-,0,1.2,0股,0.06%,57943.56,51.88%
2025-02-07,,Cash,,,,,27885.06,,,,,,,,0
2025-02-10,基金,银华日利(511880.XSHG),多,300股,300股,100.196,30058.8,17.55,100.138,-,0,0.3,0股,0.06%,57943.86,51.88%
2025-02-10,,Cash,,,,,27885.06,,,,,,,,0
2025-02-11,基金,银华日利(511880.XSHG),多,300股,300股,100.205,30061.5,20.25,100.138,-,0,2.7,0股,0.07%,57946.56,51.88%
2025-02-11,,Cash,,,,,27885.06,,,,,,,,0
2025-02-12,基金,银华日利(511880.XSHG),多,300股,300股,100.203,30060.9,19.65,100.138,-,0,-0.6,0股,0.07%,57945.96,51.88%
2025-02-12,,Cash,,,,,27885.06,,,,,,,,0
2025-02-13,基金,银华日利(511880.XSHG),多,300股,300股,100.21,30063,21.75,100.138,-,0,2.1,0股,0.07%,57948.06,51.88%
2025-02-13,,Cash,,,,,27885.06,,,,,,,,0
2025-02-14,基金,银华日利(511880.XSHG),多,300股,300股,100.229,30068.7,27.45,100.138,-,0,5.7,0股,0.09%,57953.76,51.88%
2025-02-14,,Cash,,,,,27885.06,,,,,,,,0
2025-02-17,基金,银华日利(511880.XSHG),多,300股,300股,100.235,30070.5,29.25,100.138,-,0,1.8,0股,0.1%,57955.56,51.89%
2025-02-17,,Cash,,,,,27885.06,,,,,,,,0
2025-02-18,股票,梦网科技(002123.XSHE),多,3100股,0股,18.51,57381,0,18.51,-,0,0,3100股,-0%,57940.91,99.03%
2025-02-18,,Cash,,,,,559.91,,,,,,,,0
2025-02-19,股票,梦网科技(002123.XSHE),多,3100股,3100股,19.42,60202,2821,18.51,-,0,2821,0股,4.92%,60761.91,99.08%
2025-02-19,,Cash,,,,,559.91,,,,,,,,0
2025-02-20,股票,梦网科技(002123.XSHE),多,3100股,3100股,19.03,58993,1612,18.51,-,0,-1209,0股,2.81%,59552.91,99.06%
2025-02-20,,Cash,,,,,559.91,,,,,,,,0
2025-02-21,股票,梦网科技(002123.XSHE),多,3100股,3100股,19.08,59148,1767,18.51,-,0,155,0股,3.08%,59707.91,99.06%
2025-02-21,,Cash,,,,,559.91,,,,,,,,0
2025-02-24,股票,梦网科技(002123.XSHE),多,3100股,3100股,17.24,53444,-3937,18.51,-,0,-5704,0股,-6.86%,54003.91,98.96%
2025-02-24,,Cash,,,,,559.91,,,,,,,,0
2025-02-25,基金,银华日利(511880.XSHG),多,100股,100股,100.25,10025,0,100.25,-,0,0,100股,0%,55206.12,18.16%
2025-02-25,,Cash,,,,,45181.12,,,,,,,,0
2025-02-26,基金,银华日利(511880.XSHG),多,400股,400股,100.249,40099.6,-0.1,100.249,-,0,-0.1,300股,-0%,55206.02,72.64%
2025-02-26,,Cash,,,,,15106.42,,,,,,,,0
2025-02-27,基金,银华日利(511880.XSHG),多,200股,200股,100.258,20051.6,1.75,100.249,-,0,1.8,0股,0.01%,55209.22,36.32%
2025-02-27,,Cash,,,,,35157.62,,,,,,,,0
2025-02-28,基金,银华日利(511880.XSHG),多,300股,300股,100.267,30080.1,3.45,100.256,-,0,1.7,100股,0.01%,55210.92,54.48%
2025-02-28,,Cash,,,,,25130.82,,,,,,,,0
2025-03-03,基金,银华日利(511880.XSHG),多,300股,300股,100.276,30082.8,6.15,100.256,-,0,2.7,0股,0.02%,55213.62,54.48%
2025-03-03,,Cash,,,,,25130.82,,,,,,,,0
2025-03-04,基金,银华日利(511880.XSHG),多,300股,300股,100.281,30084.3,7.65,100.256,-,0,1.5,0股,0.03%,55215.12,54.49%
2025-03-04,,Cash,,,,,25130.82,,,,,,,,0
2025-03-05,基金,银华日利(511880.XSHG),多,300股,300股,100.291,30087.3,10.65,100.256,-,0,3,0股,0.04%,55218.12,54.49%
2025-03-05,,Cash,,,,,25130.82,,,,,,,,0
2025-03-06,基金,银华日利(511880.XSHG),多,300股,300股,100.282,30084.6,7.95,100.256,-,0,-2.7,0股,0.03%,55215.42,54.49%
2025-03-06,,Cash,,,,,25130.82,,,,,,,,0
2025-03-07,基金,银华日利(511880.XSHG),多,300股,300股,100.291,30087.3,10.65,100.256,-,0,2.7,0股,0.04%,55218.12,54.49%
2025-03-07,,Cash,,,,,25130.82,,,,,,,,0
2025-03-10,基金,银华日利(511880.XSHG),多,300股,300股,100.298,30089.4,12.75,100.256,-,0,2.1,0股,0.04%,55220.22,54.49%
2025-03-10,,Cash,,,,,25130.82,,,,,,,,0
2025-03-11,基金,银华日利(511880.XSHG),多,300股,300股,100.305,30091.5,14.85,100.256,-,0,2.1,0股,0.05%,55222.32,54.49%
2025-03-11,,Cash,,,,,25130.82,,,,,,,,0
2025-03-12,基金,银华日利(511880.XSHG),多,300股,300股,100.308,30092.4,15.75,100.256,-,0,0.9,0股,0.05%,55223.22,54.49%
2025-03-12,,Cash,,,,,25130.82,,,,,,,,0
2025-03-13,基金,银华日利(511880.XSHG),多,300股,300股,100.324,30097.2,20.55,100.256,-,0,4.8,0股,0.07%,55228.02,54.5%
2025-03-13,,Cash,,,,,25130.82,,,,,,,,0
2025-03-14,基金,银华日利(511880.XSHG),多,300股,300股,100.312,30093.6,16.95,100.256,-,0,-3.6,0股,0.06%,55224.42,54.49%
2025-03-14,,Cash,,,,,25130.82,,,,,,,,0
2025-03-17,基金,银华日利(511880.XSHG),多,300股,300股,100.314,30094.2,17.55,100.256,-,0,0.6,0股,0.06%,55225.02,54.49%
2025-03-17,,Cash,,,,,25130.82,,,,,,,,0
2025-03-18,基金,银华日利(511880.XSHG),多,300股,300股,100.306,30091.8,15.15,100.256,-,0,-2.4,0股,0.05%,55222.62,54.49%
2025-03-18,,Cash,,,,,25130.82,,,,,,,,0
2025-03-19,基金,银华日利(511880.XSHG),多,300股,300股,100.321,30096.3,19.65,100.256,-,0,4.5,0股,0.07%,55227.12,54.5%
2025-03-19,,Cash,,,,,25130.82,,,,,,,,0
2025-03-20,基金,银华日利(511880.XSHG),多,300股,300股,100.34,30102,25.35,100.256,-,0,5.7,0股,0.08%,55232.82,54.5%
2025-03-20,,Cash,,,,,25130.82,,,,,,,,0
2025-03-21,基金,银华日利(511880.XSHG),多,300股,300股,100.372,30111.6,34.95,100.256,-,0,9.6,0股,0.12%,55242.42,54.51%
2025-03-21,,Cash,,,,,25130.82,,,,,,,,0
2025-03-24,基金,银华日利(511880.XSHG),多,300股,300股,100.38,30114,37.35,100.256,-,0,2.4,0股,0.12%,55244.82,54.51%
2025-03-24,,Cash,,,,,25130.82,,,,,,,,0
2025-03-25,基金,银华日利(511880.XSHG),多,300股,300股,100.393,30117.9,41.25,100.256,-,0,3.9,0股,0.14%,55248.72,54.51%
2025-03-25,,Cash,,,,,25130.82,,,,,,,,0
2025-03-26,基金,银华日利(511880.XSHG),多,300股,300股,100.378,30113.4,36.75,100.256,-,0,-4.5,0股,0.12%,55244.22,54.51%
2025-03-26,,Cash,,,,,25130.82,,,,,,,,0
2025-03-27,基金,银华日利(511880.XSHG),多,300股,300股,100.365,30109.5,32.85,100.256,-,0,-3.9,0股,0.11%,55240.32,54.51%
2025-03-27,,Cash,,,,,25130.82,,,,,,,,0
2025-03-28,基金,银华日利(511880.XSHG),多,300股,300股,100.363,30108.9,32.25,100.256,-,0,-0.6,0股,0.11%,55239.72,54.51%
2025-03-28,,Cash,,,,,25130.82,,,,,,,,0
2025-03-31,基金,银华日利(511880.XSHG),多,300股,300股,100.37,30111,34.35,100.256,-,0,2.1,0股,0.11%,55241.82,54.51%
2025-03-31,,Cash,,,,,25130.82,,,,,,,,0
2025-04-01,基金,银华日利(511880.XSHG),多,300股,300股,100.391,30117.3,40.65,100.256,-,0,6.3,0股,0.14%,55248.12,54.51%
2025-04-01,,Cash,,,,,25130.82,,,,,,,,0
2025-04-02,基金,银华日利(511880.XSHG),多,300股,300股,100.399,30119.7,43.05,100.256,-,0,2.4,0股,0.14%,55250.52,54.51%
2025-04-02,,Cash,,,,,25130.82,,,,,,,,0
2025-04-03,基金,银华日利(511880.XSHG),多,300股,300股,100.404,30121.2,44.55,100.256,-,0,1.5,0股,0.15%,55252.02,54.52%
2025-04-03,,Cash,,,,,25130.82,,,,,,,,0
2025-04-07,基金,银华日利(511880.XSHG),多,300股,300股,100.395,30118.5,41.85,100.256,-,0,-2.7,0股,0.14%,55249.32,54.51%
2025-04-07,,Cash,,,,,25130.82,,,,,,,,0
2025-04-08,基金,银华日利(511880.XSHG),多,300股,300股,100.403,30120.9,44.25,100.256,-,0,2.4,0股,0.15%,55251.72,54.52%
2025-04-08,,Cash,,,,,25130.82,,,,,,,,0
2025-04-09,基金,银华日利(511880.XSHG),多,300股,300股,100.408,30122.4,45.75,100.256,-,0,1.5,0股,0.15%,55253.22,54.52%
2025-04-09,,Cash,,,,,25130.82,,,,,,,,0
2025-04-10,基金,银华日利(511880.XSHG),多,300股,300股,100.411,30123.3,46.65,100.256,-,0,0.9,0股,0.16%,55254.12,54.52%
2025-04-10,,Cash,,,,,25130.82,,,,,,,,0
2025-04-11,基金,银华日利(511880.XSHG),多,300股,300股,100.418,30125.4,48.75,100.256,-,0,2.1,0股,0.16%,55256.22,54.52%
2025-04-11,,Cash,,,,,25130.82,,,,,,,,0
2025-04-14,基金,银华日利(511880.XSHG),多,300股,300股,100.425,30127.5,50.85,100.256,-,0,2.1,0股,0.17%,55258.32,54.52%
2025-04-14,,Cash,,,,,25130.82,,,,,,,,0
2025-04-15,基金,银华日利(511880.XSHG),多,300股,300股,100.434,30130.2,53.55,100.256,-,0,2.7,0股,0.18%,55261.02,54.52%
2025-04-15,,Cash,,,,,25130.82,,,,,,,,0
2025-04-16,基金,银华日利(511880.XSHG),多,300股,300股,100.439,30131.7,55.05,100.256,-,0,1.5,0股,0.18%,55262.52,54.52%
2025-04-16,,Cash,,,,,25130.82,,,,,,,,0
2025-04-17,基金,银华日利(511880.XSHG),多,300股,300股,100.435,30130.5,53.85,100.256,-,0,-1.2,0股,0.18%,55261.32,54.52%
2025-04-17,,Cash,,,,,25130.82,,,,,,,,0
2025-04-18,基金,银华日利(511880.XSHG),多,300股,300股,100.442,30132.6,55.95,100.256,-,0,2.1,0股,0.19%,55263.42,54.53%
2025-04-18,,Cash,,,,,25130.82,,,,,,,,0
2025-04-21,基金,银华日利(511880.XSHG),多,300股,300股,100.439,30131.7,55.05,100.256,-,0,-0.9,0股,0.18%,55262.52,54.52%
2025-04-21,,Cash,,,,,25130.82,,,,,,,,0
2025-04-22,基金,银华日利(511880.XSHG),多,300股,300股,100.444,30133.2,56.55,100.256,-,0,1.5,0股,0.19%,55264.02,54.53%
2025-04-22,,Cash,,,,,25130.82,,,,,,,,0
2025-04-23,基金,银华日利(511880.XSHG),多,300股,300股,100.444,30133.2,56.55,100.256,-,0,0,0股,0.19%,55264.02,54.53%
2025-04-23,,Cash,,,,,25130.82,,,,,,,,0
2025-04-24,基金,银华日利(511880.XSHG),多,300股,300股,100.451,30135.3,58.65,100.256,-,0,2.1,0股,0.2%,55266.12,54.53%
2025-04-24,,Cash,,,,,25130.82,,,,,,,,0
2025-04-25,基金,银华日利(511880.XSHG),多,300股,300股,100.457,30137.1,60.45,100.256,-,0,1.8,0股,0.2%,55267.92,54.53%
2025-04-25,,Cash,,,,,25130.82,,,,,,,,0
2025-04-28,基金,银华日利(511880.XSHG),多,300股,300股,100.455,30136.5,59.85,100.256,-,0,-0.6,0股,0.2%,55267.32,54.53%
2025-04-28,,Cash,,,,,25130.82,,,,,,,,0
2025-04-29,基金,银华日利(511880.XSHG),多,300股,300股,100.457,30137.1,60.45,100.256,-,0,0.6,0股,0.2%,55267.92,54.53%
2025-04-29,,Cash,,,,,25130.82,,,,,,,,0
2025-04-30,基金,银华日利(511880.XSHG),多,300股,300股,100.482,30144.6,67.95,100.256,-,0,7.5,0股,0.23%,55275.42,54.54%
2025-04-30,,Cash,,,,,25130.82,,,,,,,,0
2025-05-06,基金,银华日利(511880.XSHG),多,300股,300股,100.482,30144.6,67.95,100.256,-,0,0,0股,0.23%,55275.42,54.54%
2025-05-06,,Cash,,,,,25130.82,,,,,,,,0
2025-05-07,基金,银华日利(511880.XSHG),多,300股,300股,100.485,30145.5,68.85,100.256,-,0,0.9,0股,0.23%,55276.32,54.54%
2025-05-07,,Cash,,,,,25130.82,,,,,,,,0
2025-05-08,基金,银华日利(511880.XSHG),多,300股,300股,100.49,30147,70.35,100.256,-,0,1.5,0股,0.23%,55277.82,54.54%
2025-05-08,,Cash,,,,,25130.82,,,,,,,,0
2025-05-09,基金,银华日利(511880.XSHG),多,300股,300股,100.502,30150.6,73.95,100.256,-,0,3.6,0股,0.25%,55281.42,54.54%
2025-05-09,,Cash,,,,,25130.82,,,,,,,,0
2025-05-12,基金,银华日利(511880.XSHG),多,300股,300股,100.503,30150.9,74.25,100.256,-,0,0.3,0股,0.25%,55281.72,54.54%
2025-05-12,,Cash,,,,,25130.82,,,,,,,,0
2025-05-13,基金,银华日利(511880.XSHG),多,300股,300股,100.509,30152.7,76.05,100.256,-,0,1.8,0股,0.25%,55283.52,54.54%
2025-05-13,,Cash,,,,,25130.82,,,,,,,,0
2025-05-14,基金,银华日利(511880.XSHG),多,300股,300股,100.511,30153.3,76.65,100.256,-,0,0.6,0股,0.25%,55284.12,54.54%
2025-05-14,,Cash,,,,,25130.82,,,,,,,,0
2025-05-15,基金,银华日利(511880.XSHG),多,300股,300股,100.524,30157.2,80.55,100.256,-,0,3.9,0股,0.27%,55288.02,54.55%
2025-05-15,,Cash,,,,,25130.82,,,,,,,,0
2025-05-16,基金,银华日利(511880.XSHG),多,300股,300股,100.528,30158.4,81.75,100.256,-,0,1.2,0股,0.27%,55289.22,54.55%
2025-05-16,,Cash,,,,,25130.82,,,,,,,,0
2025-05-19,基金,银华日利(511880.XSHG),多,300股,300股,100.536,30160.8,84.15,100.256,-,0,2.4,0股,0.28%,55291.62,54.55%
2025-05-19,,Cash,,,,,25130.82,,,,,,,,0
2025-05-20,基金,银华日利(511880.XSHG),多,300股,300股,100.533,30159.9,83.25,100.256,-,0,-0.9,0股,0.28%,55290.72,54.55%
2025-05-20,,Cash,,,,,25130.82,,,,,,,,0
2025-05-21,基金,银华日利(511880.XSHG),多,300股,300股,100.535,30160.5,83.85,100.256,-,0,0.6,0股,0.28%,55291.32,54.55%
2025-05-21,,Cash,,,,,25130.82,,,,,,,,0
2025-05-22,基金,银华日利(511880.XSHG),多,300股,300股,100.543,30162.9,86.25,100.256,-,0,2.4,0股,0.29%,55293.72,54.55%
2025-05-22,,Cash,,,,,25130.82,,,,,,,,0
2025-05-23,基金,银华日利(511880.XSHG),多,300股,300股,100.551,30165.3,88.65,100.256,-,0,2.4,0股,0.29%,55296.12,54.55%
2025-05-23,,Cash,,,,,25130.82,,,,,,,,0
2025-05-26,基金,银华日利(511880.XSHG),多,300股,300股,100.55,30165,88.35,100.256,-,0,-0.3,0股,0.29%,55295.82,54.55%
2025-05-26,,Cash,,,,,25130.82,,,,,,,,0
2025-05-27,基金,银华日利(511880.XSHG),多,300股,300股,100.549,30164.7,88.05,100.256,-,0,-0.3,0股,0.29%,55295.52,54.55%
2025-05-27,,Cash,,,,,25130.82,,,,,,,,0
2025-05-28,基金,银华日利(511880.XSHG),多,300股,300股,100.554,30166.2,89.55,100.256,-,0,1.5,0股,0.3%,55297.02,54.55%
2025-05-28,,Cash,,,,,25130.82,,,,,,,,0
2025-05-29,基金,银华日利(511880.XSHG),多,300股,300股,100.556,30166.8,90.15,100.256,-,0,0.6,0股,0.3%,55297.62,54.55%
2025-05-29,,Cash,,,,,25130.82,,,,,,,,0
2025-05-30,基金,银华日利(511880.XSHG),多,300股,300股,100.579,30173.7,97.05,100.256,-,0,6.9,0股,0.32%,55304.52,54.56%
2025-05-30,,Cash,,,,,25130.82,,,,,,,,0
2025-06-03,基金,银华日利(511880.XSHG),多,300股,300股,100.575,30172.5,95.85,100.256,-,0,-1.2,0股,0.32%,55303.32,54.56%
2025-06-03,,Cash,,,,,25130.82,,,,,,,,0
2025-06-04,基金,银华日利(511880.XSHG),多,300股,300股,100.577,30173.1,96.45,100.256,-,0,0.6,0股,0.32%,55303.92,54.56%
2025-06-04,,Cash,,,,,25130.82,,,,,,,,0
2025-06-05,基金,银华日利(511880.XSHG),多,300股,300股,100.579,30173.7,97.05,100.256,-,0,0.6,0股,0.32%,55304.52,54.56%
2025-06-05,,Cash,,,,,25130.82,,,,,,,,0
2025-06-06,基金,银华日利(511880.XSHG),多,300股,300股,100.591,30177.3,100.65,100.256,-,0,3.6,0股,0.33%,55308.12,54.56%
2025-06-06,,Cash,,,,,25130.82,,,,,,,,0
2025-06-09,基金,银华日利(511880.XSHG),多,300股,300股,100.591,30177.3,100.65,100.256,-,0,0,0股,0.33%,55308.12,54.56%
2025-06-09,,Cash,,,,,25130.82,,,,,,,,0
2025-06-10,基金,银华日利(511880.XSHG),多,300股,300股,100.596,30178.8,102.15,100.256,-,0,1.5,0股,0.34%,55309.62,54.56%
2025-06-10,,Cash,,,,,25130.82,,,,,,,,0
2025-06-11,基金,银华日利(511880.XSHG),多,300股,300股,100.596,30178.8,102.15,100.256,-,0,0,0股,0.34%,55309.62,54.56%
2025-06-11,,Cash,,,,,25130.82,,,,,,,,0
2025-06-12,基金,银华日利(511880.XSHG),多,300股,300股,100.599,30179.7,103.05,100.256,-,0,0.9,0股,0.34%,55310.52,54.56%
2025-06-12,,Cash,,,,,25130.82,,,,,,,,0
2025-06-13,基金,银华日利(511880.XSHG),多,300股,300股,100.613,30183.9,107.25,100.256,-,0,4.2,0股,0.36%,55314.72,54.57%
2025-06-13,,Cash,,,,,25130.82,,,,,,,,0
2025-06-16,基金,银华日利(511880.XSHG),多,300股,300股,100.612,30183.6,106.95,100.256,-,0,-0.3,0股,0.36%,55314.42,54.57%
2025-06-16,,Cash,,,,,25130.82,,,,,,,,0
2025-06-17,基金,银华日利(511880.XSHG),多,300股,300股,100.613,30183.9,107.25,100.256,-,0,0.3,0股,0.36%,55314.72,54.57%
2025-06-17,,Cash,,,,,25130.82,,,,,,,,0
2025-06-18,基金,银华日利(511880.XSHG),多,300股,300股,100.627,30188.1,111.45,100.256,-,0,4.2,0股,0.37%,55318.92,54.57%
2025-06-18,,Cash,,,,,25130.82,,,,,,,,0
2025-06-19,基金,银华日利(511880.XSHG),多,300股,300股,100.64,30192,115.35,100.256,-,0,3.9,0股,0.38%,55322.82,54.57%
2025-06-19,,Cash,,,,,25130.82,,,,,,,,0
2025-06-20,基金,银华日利(511880.XSHG),多,300股,300股,100.643,30192.9,116.25,100.256,-,0,0.9,0股,0.39%,55323.72,54.57%
2025-06-20,,Cash,,,,,25130.82,,,,,,,,0
2025-06-23,基金,银华日利(511880.XSHG),多,300股,300股,100.637,30191.1,114.45,100.256,-,0,-1.8,0股,0.38%,55321.92,54.57%
2025-06-23,,Cash,,,,,25130.82,,,,,,,,0
2025-06-24,股票,贝肯能源(002828.XSHE),多,2300股,0股,11.76,27048,0,11.76,-,0,0,2300股,0%,55308.27,48.9%
2025-06-24,股票,惠博普(002554.XSHE),多,9500股,0股,2.9,27550,0,2.9,-,0,0,9500股,0%,55308.27,49.81%
2025-06-24,,Cash,,,,,710.27,,,,,,,,0
2025-06-25,股票,贝肯能源(002828.XSHE),多,2300股,2300股,10.62,24426,-2622,11.76,-,0,-2622,0股,-9.69%,51546.27,47.39%
2025-06-25,股票,惠博普(002554.XSHE),多,9500股,9500股,2.78,26410,-1140,2.9,-,0,-1140,0股,-4.14%,51546.27,51.24%
2025-06-25,,Cash,,,,,710.27,,,,,,,,0
2025-06-26,股票,惠博普(002554.XSHE),多,9500股,9500股,2.81,26695,-855,2.9,-,0,285,0股,-3.1%,51571.03,51.76%
2025-06-26,基金,银华日利(511880.XSHG),多,100股,100股,100.644,10064.4,0,100.644,-,0,0,100股,-0%,51571.03,19.52%
2025-06-26,,Cash,,,,,14811.63,,,,,,,,0
2025-06-27,股票,惠博普(002554.XSHE),多,9500股,9500股,2.74,26030,-1520,2.9,-,0,-665,0股,-5.52%,50907.83,51.13%
2025-06-27,基金,银华日利(511880.XSHG),多,100股,100股,100.662,10066.2,1.8,100.644,-,0,1.8,0股,0.02%,50907.83,19.77%
2025-06-27,,Cash,,,,,14811.63,,,,,,,,0
2025-06-30,股票,惠博普(002554.XSHE),多,9500股,9500股,2.81,26695,-855,2.9,-,0,665,0股,-3.1%,51577.73,51.76%
2025-06-30,基金,银华日利(511880.XSHG),多,100股,100股,100.711,10071.1,6.7,100.644,-,0,4.9,0股,0.07%,51577.73,19.53%
2025-06-30,,Cash,,,,,14811.63,,,,,,,,0
2025-07-01,基金,银华日利(511880.XSHG),多,400股,400股,100.671,40268.4,3.6,100.662,-,0,-3.1,300股,0.01%,51446.38,78.27%
2025-07-01,,Cash,,,,,11177.98,,,,,,,,0
2025-07-02,基金,银华日利(511880.XSHG),多,200股,200股,100.67,20134,1.6,100.662,-,0,-0.2,0股,0.01%,51445.98,39.14%
2025-07-02,,Cash,,,,,31311.98,,,,,,,,0
2025-07-03,基金,银华日利(511880.XSHG),多,300股,300股,100.678,30203.4,3.6,100.666,-,0,2,100股,0.01%,51447.98,58.71%
2025-07-03,,Cash,,,,,21244.58,,,,,,,,0
2025-07-04,基金,银华日利(511880.XSHG),多,300股,300股,100.7,30210,10.2,100.666,-,0,6.6,0股,0.03%,51454.58,58.71%
2025-07-04,,Cash,,,,,21244.58,,,,,,,,0
2025-07-07,基金,银华日利(511880.XSHG),多,300股,300股,100.693,30207.9,8.1,100.666,-,0,-2.1,0股,0.03%,51452.48,58.71%
2025-07-07,,Cash,,,,,21244.58,,,,,,,,0
2025-07-08,基金,银华日利(511880.XSHG),多,300股,300股,100.683,30204.9,5.1,100.666,-,0,-3,0股,0.02%,51449.48,58.71%
2025-07-08,,Cash,,,,,21244.58,,,,,,,,0
2025-07-09,基金,银华日利(511880.XSHG),多,300股,300股,100.684,30205.2,5.4,100.666,-,0,0.3,0股,0.02%,51449.78,58.71%
2025-07-09,,Cash,,,,,21244.58,,,,,,,,0
2025-07-10,基金,银华日利(511880.XSHG),多,300股,300股,100.69,30207,7.2,100.666,-,0,1.8,0股,0.02%,51451.58,58.71%
2025-07-10,,Cash,,,,,21244.58,,,,,,,,0
2025-07-11,基金,银华日利(511880.XSHG),多,300股,300股,100.695,30208.5,8.7,100.666,-,0,1.5,0股,0.03%,51453.08,58.71%
2025-07-11,,Cash,,,,,21244.58,,,,,,,,0
2025-07-14,基金,银华日利(511880.XSHG),多,300股,300股,100.701,30210.3,10.5,100.666,-,0,1.8,0股,0.03%,51454.88,58.71%
2025-07-14,,Cash,,,,,21244.58,,,,,,,,0
2025-07-15,股票,精艺股份(002295.XSHE),多,1600股,0股,10.53,16848,0,10.53,-,0,0,1600股,0%,51440.78,32.75%
2025-07-15,股票,兴民智通(002355.XSHE),多,2400股,0股,6.9,16560,0,6.9,-,0,0,2400股,0%,51440.78,32.19%
2025-07-15,股票,通鼎互联(002491.XSHE),多,3300股,0股,5.17,17061,0,5.17,-,0,0,3300股,0%,51440.78,33.17%
2025-07-15,,Cash,,,,,971.78,,,,,,,,0
2025-07-16,股票,精艺股份(002295.XSHE),多,1600股,1600股,10.37,16592,-256,10.53,-,0,-256,0股,-1.52%,49393.78,33.59%
2025-07-16,股票,兴民智通(002355.XSHE),多,2400股,2400股,6.47,15528,-1032,6.9,-,0,-1032,0股,-6.23%,49393.78,31.44%
2025-07-16,股票,通鼎互联(002491.XSHE),多,3300股,3300股,4.94,16302,-759,5.17,-,0,-759,0股,-4.45%,49393.78,33%
2025-07-16,,Cash,,,,,971.78,,,,,,,,0
2025-07-17,股票,精艺股份(002295.XSHE),多,1600股,1600股,10.18,16288,-560,10.53,-,0,-304,0股,-3.32%,49443.78,32.94%
2025-07-17,股票,兴民智通(002355.XSHE),多,2400股,2400股,6.48,15552,-1008,6.9,-,0,24,0股,-6.09%,49443.78,31.45%
2025-07-17,股票,通鼎互联(002491.XSHE),多,3300股,3300股,5.04,16632,-429,5.17,-,0,330,0股,-2.51%,49443.78,33.64%
2025-07-17,,Cash,,,,,971.78,,,,,,,,0
2025-07-18,股票,精艺股份(002295.XSHE),多,1600股,1600股,10.02,16032,-816,10.53,-,0,-256,0股,-4.84%,48731.78,32.9%
2025-07-18,股票,兴民智通(002355.XSHE),多,2400股,2400股,6.4,15360,-1200,6.9,-,0,-192,0股,-7.25%,48731.78,31.52%
2025-07-18,股票,通鼎互联(002491.XSHE),多,3300股,3300股,4.96,16368,-693,5.17,-,0,-264,0股,-4.06%,48731.78,33.59%
2025-07-18,,Cash,,,,,971.78,,,,,,,,0
2025-07-21,股票,精艺股份(002295.XSHE),多,1600股,1600股,9.98,15968,-880,10.53,-,0,-64,0股,-5.22%,48967.78,32.61%
2025-07-21,股票,兴民智通(002355.XSHE),多,2400股,2400股,6.47,15528,-1032,6.9,-,0,168,0股,-6.23%,48967.78,31.71%
2025-07-21,股票,通鼎互联(002491.XSHE),多,3300股,3300股,5,16500,-561,5.17,-,0,132,0股,-3.29%,48967.78,33.7%
2025-07-21,,Cash,,,,,971.78,,,,,,,,0
2025-07-22,基金,银华日利(511880.XSHG),多,100股,100股,100.72,10072,0.1,100.719,-,0,0.1,100股,0%,48302.48,20.85%
2025-07-22,,Cash,,,,,38230.48,,,,,,,,0
2025-07-23,基金,银华日利(511880.XSHG),多,300股,300股,100.726,30217.8,1.3,100.722,-,0,1.2,200股,0%,48303.68,62.56%
2025-07-23,,Cash,,,,,18085.88,,,,,,,,0
2025-07-24,基金,银华日利(511880.XSHG),多,200股,200股,100.733,20146.6,2.27,100.722,-,0,1.4,0股,0.01%,48305.78,41.71%
2025-07-24,,Cash,,,,,28159.18,,,,,,,,0
2025-07-25,基金,银华日利(511880.XSHG),多,200股,200股,100.745,20149,4.67,100.722,-,0,2.4,0股,0.02%,48308.18,41.71%
2025-07-25,,Cash,,,,,28159.18,,,,,,,,0
2025-07-28,基金,银华日利(511880.XSHG),多,200股,200股,100.748,20149.6,5.27,100.722,-,0,0.6,0股,0.03%,48308.78,41.71%
2025-07-28,,Cash,,,,,28159.18,,,,,,,,0
2025-07-29,基金,银华日利(511880.XSHG),多,200股,200股,100.743,20148.6,4.27,100.722,-,0,-1,0股,0.02%,48307.78,41.71%
2025-07-29,,Cash,,,,,28159.18,,,,,,,,0
2025-07-30,基金,银华日利(511880.XSHG),多,200股,200股,100.749,20149.8,5.47,100.722,-,0,1.2,0股,0.03%,48308.98,41.71%
2025-07-30,,Cash,,,,,28159.18,,,,,,,,0
2025-07-31,基金,银华日利(511880.XSHG),多,200股,200股,100.774,20154.8,10.47,100.722,-,0,5,0股,0.05%,48313.98,41.72%
2025-07-31,,Cash,,,,,28159.18,,,,,,,,0
2025-08-01,基金,银华日利(511880.XSHG),多,200股,200股,100.798,20159.6,15.27,100.722,-,0,4.8,0股,0.08%,48318.78,41.72%
2025-08-01,,Cash,,,,,28159.18,,,,,,,,0
2025-08-04,基金,银华日利(511880.XSHG),多,200股,200股,100.778,20155.6,11.27,100.722,-,0,-4,0股,0.06%,48314.78,41.72%
2025-08-04,,Cash,,,,,28159.18,,,,,,,,0
2025-08-05,基金,银华日利(511880.XSHG),多,200股,200股,100.767,20153.4,9.07,100.722,-,0,-2.2,0股,0.05%,48312.58,41.71%
2025-08-05,,Cash,,,,,28159.18,,,,,,,,0
2025-08-06,基金,银华日利(511880.XSHG),多,200股,200股,100.768,20153.6,9.27,100.722,-,0,0.2,0股,0.05%,48312.78,41.71%
2025-08-06,,Cash,,,,,28159.18,,,,,,,,0
2025-08-07,基金,银华日利(511880.XSHG),多,200股,200股,100.776,20155.2,10.87,100.722,-,0,1.6,0股,0.05%,48314.38,41.72%
2025-08-07,,Cash,,,,,28159.18,,,,,,,,0
2025-08-08,基金,银华日利(511880.XSHG),多,200股,200股,100.78,20156,11.67,100.722,-,0,0.8,0股,0.06%,48315.18,41.72%
2025-08-08,,Cash,,,,,28159.18,,,,,,,,0
2025-08-11,基金,银华日利(511880.XSHG),多,200股,200股,100.774,20154.8,10.47,100.722,-,0,-1.2,0股,0.05%,48313.98,41.72%
2025-08-11,,Cash,,,,,28159.18,,,,,,,,0
2025-08-12,股票,煌上煌(002695.XSHE),多,3300股,0股,14.35,47355,0,14.35,-,0,0,3300股,0%,48302.54,98.04%
2025-08-12,,Cash,,,,,947.54,,,,,,,,0
2025-08-13,股票,煌上煌(002695.XSHE),多,3300股,3300股,14.16,46728,-627,14.35,-,0,-627,0股,-1.32%,47675.54,98.01%
2025-08-13,,Cash,,,,,947.54,,,,,,,,0
2025-08-14,股票,煌上煌(002695.XSHE),多,3300股,3300股,13.14,43362,-3993,14.35,-,0,-3366,0股,-8.43%,44309.54,97.86%
2025-08-14,,Cash,,,,,947.54,,,,,,,,0
2025-08-15,基金,银华日利(511880.XSHG),多,100股,100股,100.801,10080.1,0.1,100.8,-,0,0.1,100股,0%,43925.85,22.95%
2025-08-15,,Cash,,,,,33845.75,,,,,,,,0
2025-08-18,基金,银华日利(511880.XSHG),多,300股,300股,100.801,30240.3,0.5,100.799,-,0,0.4,200股,0%,43926.25,68.84%
2025-08-18,,Cash,,,,,13685.95,,,,,,,,0
2025-08-19,基金,银华日利(511880.XSHG),多,200股,200股,100.805,20161,1.13,100.799,-,0,0.8,0股,0.01%,43926.75,45.9%
2025-08-19,,Cash,,,,,23765.75,,,,,,,,0
2025-08-20,基金,银华日利(511880.XSHG),多,200股,200股,100.817,20163.4,3.53,100.799,-,0,2.4,0股,0.02%,43929.15,45.9%
2025-08-20,,Cash,,,,,23765.75,,,,,,,,0
2025-08-21,基金,银华日利(511880.XSHG),多,200股,200股,100.845,20169,9.13,100.799,-,0,5.6,0股,0.05%,43934.75,45.91%
2025-08-21,,Cash,,,,,23765.75,,,,,,,,0
2025-08-22,基金,银华日利(511880.XSHG),多,200股,200股,100.833,20166.6,6.73,100.799,-,0,-2.4,0股,0.03%,43932.35,45.9%
2025-08-22,,Cash,,,,,23765.75,,,,,,,,0
2025-08-25,基金,银华日利(511880.XSHG),多,200股,200股,100.827,20165.4,5.53,100.799,-,0,-1.2,0股,0.03%,43931.15,45.9%
2025-08-25,,Cash,,,,,23765.75,,,,,,,,0
2025-08-26,基金,银华日利(511880.XSHG),多,200股,200股,100.83,20166,6.13,100.799,-,0,0.6,0股,0.03%,43931.75,45.9%
2025-08-26,,Cash,,,,,23765.75,,,,,,,,0
2025-08-27,基金,银华日利(511880.XSHG),多,200股,200股,100.837,20167.4,7.53,100.799,-,0,1.4,0股,0.04%,43933.15,45.9%
2025-08-27,,Cash,,,,,23765.75,,,,,,,,0
2025-08-28,基金,银华日利(511880.XSHG),多,200股,200股,100.859,20171.8,11.93,100.799,-,0,4.4,0股,0.06%,43937.55,45.91%
2025-08-28,,Cash,,,,,23765.75,,,,,,,,0
2025-08-29,基金,银华日利(511880.XSHG),多,200股,200股,100.884,20176.8,16.93,100.799,-,0,5,0股,0.08%,43942.55,45.92%
2025-08-29,,Cash,,,,,23765.75,,,,,,,,0
2025-09-01,基金,银华日利(511880.XSHG),多,200股,200股,100.902,20180.4,20.53,100.799,-,0,3.6,0股,0.1%,43946.15,45.92%
2025-09-01,,Cash,,,,,23765.75,,,,,,,,0
2025-09-02,基金,银华日利(511880.XSHG),多,200股,200股,100.924,20184.8,24.93,100.799,-,0,4.4,0股,0.12%,43950.55,45.93%
2025-09-02,,Cash,,,,,23765.75,,,,,,,,0
2025-09-03,基金,银华日利(511880.XSHG),多,200股,200股,100.891,20178.2,18.33,100.799,-,0,-6.6,0股,0.09%,43943.95,45.92%
2025-09-03,,Cash,,,,,23765.75,,,,,,,,0
2025-09-04,基金,银华日利(511880.XSHG),多,200股,200股,100.872,20174.4,14.53,100.799,-,0,-3.8,0股,0.07%,43940.15,45.91%
2025-09-04,,Cash,,,,,23765.75,,,,,,,,0
2025-09-05,基金,银华日利(511880.XSHG),多,200股,200股,100.854,20170.8,10.93,100.799,-,0,-3.6,0股,0.05%,43936.55,45.91%
2025-09-05,,Cash,,,,,23765.75,,,,,,,,0
2025-09-08,基金,银华日利(511880.XSHG),多,200股,200股,100.862,20172.4,12.53,100.799,-,0,1.6,0股,0.06%,43938.15,45.91%
2025-09-08,,Cash,,,,,23765.75,,,,,,,,0
2025-09-09,基金,银华日利(511880.XSHG),多,200股,200股,100.865,20173,13.13,100.799,-,0,0.6,0股,0.07%,43938.75,45.91%
2025-09-09,,Cash,,,,,23765.75,,,,,,,,0
2025-09-10,基金,银华日利(511880.XSHG),多,200股,200股,100.869,20173.8,13.93,100.799,-,0,0.8,0股,0.07%,43939.55,45.91%
2025-09-10,,Cash,,,,,23765.75,,,,,,,,0
2025-09-11,基金,银华日利(511880.XSHG),多,200股,200股,100.872,20174.4,14.53,100.799,-,0,0.6,0股,0.07%,43940.15,45.91%
2025-09-11,,Cash,,,,,23765.75,,,,,,,,0
2025-09-12,基金,银华日利(511880.XSHG),多,200股,200股,100.881,20176.2,16.33,100.799,-,0,1.8,0股,0.08%,43941.95,45.92%
2025-09-12,,Cash,,,,,23765.75,,,,,,,,0
2025-09-15,基金,银华日利(511880.XSHG),多,200股,200股,100.885,20177,17.13,100.799,-,0,0.8,0股,0.08%,43942.75,45.92%
2025-09-15,,Cash,,,,,23765.75,,,,,,,,0
2025-09-16,基金,银华日利(511880.XSHG),多,200股,200股,100.877,20175.4,15.53,100.799,-,0,-1.6,0股,0.08%,43941.15,45.91%
2025-09-16,,Cash,,,,,23765.75,,,,,,,,0
2025-09-17,基金,银华日利(511880.XSHG),多,200股,200股,100.887,20177.4,17.53,100.799,-,0,2,0股,0.09%,43943.15,45.92%
2025-09-17,,Cash,,,,,23765.75,,,,,,,,0
2025-09-18,基金,银华日利(511880.XSHG),多,200股,200股,100.912,20182.4,22.53,100.799,-,0,5,0股,0.11%,43948.15,45.92%
2025-09-18,,Cash,,,,,23765.75,,,,,,,,0
2025-09-19,基金,银华日利(511880.XSHG),多,200股,200股,100.916,20183.2,23.33,100.799,-,0,0.8,0股,0.12%,43948.95,45.92%
2025-09-19,,Cash,,,,,23765.75,,,,,,,,0
2025-09-22,基金,银华日利(511880.XSHG),多,200股,200股,100.912,20182.4,22.53,100.799,-,0,-0.8,0股,0.11%,43948.15,45.92%
2025-09-22,,Cash,,,,,23765.75,,,,,,,,0
2025-09-23,基金,银华日利(511880.XSHG),多,200股,200股,100.925,20185,25.13,100.799,-,0,2.6,0股,0.12%,43950.75,45.93%
2025-09-23,,Cash,,,,,23765.75,,,,,,,,0
2025-09-24,基金,银华日利(511880.XSHG),多,200股,200股,100.907,20181.4,21.53,100.799,-,0,-3.6,0股,0.11%,43947.15,45.92%
2025-09-24,,Cash,,,,,23765.75,,,,,,,,0
2025-09-25,基金,银华日利(511880.XSHG),多,200股,200股,100.91,20182,22.13,100.799,-,0,0.6,0股,0.11%,43947.75,45.92%
2025-09-25,,Cash,,,,,23765.75,,,,,,,,0
2025-09-26,基金,银华日利(511880.XSHG),多,200股,200股,100.925,20185,25.13,100.799,-,0,3,0股,0.12%,43950.75,45.93%
2025-09-26,,Cash,,,,,23765.75,,,,,,,,0
2025-09-29,基金,银华日利(511880.XSHG),多,200股,200股,100.928,20185.6,25.73,100.799,-,0,0.6,0股,0.13%,43951.35,45.93%
2025-09-29,,Cash,,,,,23765.75,,,,,,,,0
2025-09-30,基金,银华日利(511880.XSHG),多,200股,200股,100.98,20196,36.13,100.799,-,0,10.4,0股,0.18%,43961.75,45.94%
2025-09-30,,Cash,,,,,23765.75,,,,,,,,0
2025-10-09,基金,银华日利(511880.XSHG),多,200股,200股,100.948,20189.6,29.73,100.799,-,0,-6.4,0股,0.15%,43955.35,45.93%
2025-10-09,,Cash,,,,,23765.75,,,,,,,,0
2025-10-10,基金,银华日利(511880.XSHG),多,200股,200股,100.972,20194.4,34.53,100.799,-,0,4.8,0股,0.17%,43960.15,45.94%
2025-10-10,,Cash,,,,,23765.75,,,,,,,,0
2025-10-13,基金,银华日利(511880.XSHG),多,200股,200股,100.969,20193.8,33.93,100.799,-,0,-0.6,0股,0.17%,43959.55,45.94%
2025-10-13,,Cash,,,,,23765.75,,,,,,,,0
2025-10-14,基金,银华日利(511880.XSHG),多,200股,200股,100.98,20196,36.13,100.799,-,0,2.2,0股,0.18%,43961.75,45.94%
2025-10-14,,Cash,,,,,23765.75,,,,,,,,0
2025-10-15,基金,银华日利(511880.XSHG),多,200股,200股,100.974,20194.8,34.93,100.799,-,0,-1.2,0股,0.17%,43960.55,45.94%
2025-10-15,,Cash,,,,,23765.75,,,,,,,,0
2025-10-16,基金,银华日利(511880.XSHG),多,200股,200股,100.991,20198.2,38.33,100.799,-,0,3.4,0股,0.19%,43963.95,45.94%
2025-10-16,,Cash,,,,,23765.75,,,,,,,,0
2025-10-17,基金,银华日利(511880.XSHG),多,200股,200股,101.013,20202.6,42.73,100.799,-,0,4.4,0股,0.21%,43968.35,45.95%
2025-10-17,,Cash,,,,,23765.75,,,,,,,,0
2025-10-20,基金,银华日利(511880.XSHG),多,200股,200股,101.033,20206.6,46.73,100.799,-,0,4,0股,0.23%,43972.35,45.95%
2025-10-20,,Cash,,,,,23765.75,,,,,,,,0
2025-10-21,基金,银华日利(511880.XSHG),多,200股,200股,101,20200,40.13,100.799,-,0,-6.6,0股,0.2%,43965.75,45.94%
2025-10-21,,Cash,,,,,23765.75,,,,,,,,0
2025-10-22,基金,银华日利(511880.XSHG),多,200股,200股,101.007,20201.4,41.53,100.799,-,0,1.4,0股,0.21%,43967.15,45.95%
2025-10-22,,Cash,,,,,23765.75,,,,,,,,0
2025-10-23,基金,银华日利(511880.XSHG),多,200股,200股,101.002,20200.4,40.53,100.799,-,0,-1,0股,0.2%,43966.15,45.95%
2025-10-23,,Cash,,,,,23765.75,,,,,,,,0
2025-10-24,基金,银华日利(511880.XSHG),多,200股,200股,101.011,20202.2,42.33,100.799,-,0,1.8,0股,0.21%,43967.95,45.95%
2025-10-24,,Cash,,,,,23765.75,,,,,,,,0
2025-10-27,基金,银华日利(511880.XSHG),多,200股,200股,101.007,20201.4,41.53,100.799,-,0,-0.8,0股,0.21%,43967.15,45.95%
2025-10-27,,Cash,,,,,23765.75,,,,,,,,0
2025-10-28,基金,银华日利(511880.XSHG),多,200股,200股,101.009,20201.8,41.93,100.799,-,0,0.4,0股,0.21%,43967.55,45.95%
2025-10-28,,Cash,,,,,23765.75,,,,,,,,0
2025-10-29,基金,银华日利(511880.XSHG),多,200股,200股,101.012,20202.4,42.53,100.799,-,0,0.6,0股,0.21%,43968.15,45.95%
2025-10-29,,Cash,,,,,23765.75,,,,,,,,0
2025-10-30,基金,银华日利(511880.XSHG),多,200股,200股,101.041,20208.2,48.33,100.799,-,0,5.8,0股,0.24%,43973.95,45.95%
2025-10-30,,Cash,,,,,23765.75,,,,,,,,0
2025-10-31,基金,银华日利(511880.XSHG),多,200股,200股,101.026,20205.2,45.33,100.799,-,0,-3,0股,0.22%,43970.95,45.95%
2025-10-31,,Cash,,,,,23765.75,,,,,,,,0
2025-11-03,基金,银华日利(511880.XSHG),多,200股,200股,101.028,20205.6,45.73,100.799,-,0,0.4,0股,0.23%,43971.35,45.95%
2025-11-03,,Cash,,,,,23765.75,,,,,,,,0
2025-11-04,基金,银华日利(511880.XSHG),多,200股,200股,101.043,20208.6,48.73,100.799,-,0,3,0股,0.24%,43974.35,45.96%
2025-11-04,,Cash,,,,,23765.75,,,,,,,,0
2025-11-05,基金,银华日利(511880.XSHG),多,200股,200股,101.048,20209.6,49.73,100.799,-,0,1,0股,0.25%,43975.35,45.96%
2025-11-05,,Cash,,,,,23765.75,,,,,,,,0
2025-11-06,基金,银华日利(511880.XSHG),多,200股,200股,101.056,20211.2,51.33,100.799,-,0,1.6,0股,0.25%,43976.95,45.96%
2025-11-06,,Cash,,,,,23765.75,,,,,,,,0
2025-11-07,基金,银华日利(511880.XSHG),多,200股,200股,101.058,20211.6,51.73,100.799,-,0,0.4,0股,0.26%,43977.35,45.96%
2025-11-07,,Cash,,,,,23765.75,,,,,,,,0
2025-11-10,基金,银华日利(511880.XSHG),多,200股,200股,101.052,20210.4,50.53,100.799,-,0,-1.2,0股,0.25%,43976.15,45.96%
2025-11-10,,Cash,,,,,23765.75,,,,,,,,0
2025-11-11,基金,银华日利(511880.XSHG),多,200股,200股,101.058,20211.6,51.73,100.799,-,0,1.2,0股,0.26%,43977.35,45.96%
2025-11-11,,Cash,,,,,23765.75,,,,,,,,0
2025-11-12,基金,银华日利(511880.XSHG),多,200股,200股,101.059,20211.8,51.93,100.799,-,0,0.2,0股,0.26%,43977.55,45.96%
2025-11-12,,Cash,,,,,23765.75,,,,,,,,0
2025-11-13,基金,银华日利(511880.XSHG),多,200股,200股,101.066,20213.2,53.33,100.799,-,0,1.4,0股,0.26%,43978.95,45.96%
2025-11-13,,Cash,,,,,23765.75,,,,,,,,0
2025-11-14,基金,银华日利(511880.XSHG),多,200股,200股,101.075,20215,55.13,100.799,-,0,1.8,0股,0.27%,43980.75,45.96%
2025-11-14,,Cash,,,,,23765.75,,,,,,,,0
2025-11-17,基金,银华日利(511880.XSHG),多,200股,200股,101.074,20214.8,54.93,100.799,-,0,-0.2,0股,0.27%,43980.55,45.96%
2025-11-17,,Cash,,,,,23765.75,,,,,,,,0
2025-11-18,股票,锋龙股份(002931.XSHE),多,2300股,0股,18.41,42343,0,18.41,-,0,0,2300股,0%,43970.17,96.3%
2025-11-18,,Cash,,,,,1627.17,,,,,,,,0
2025-11-19,股票,锋龙股份(002931.XSHE),多,2300股,2300股,17.93,41239,-1104,18.41,-,0,-1104,0股,-2.61%,42866.17,96.2%
2025-11-19,,Cash,,,,,1627.17,,,,,,,,0
2025-11-20,股票,锋龙股份(002931.XSHE),多,2300股,2300股,18.31,42113,-230,18.41,-,0,874,0股,-0.54%,43740.17,96.28%
2025-11-20,,Cash,,,,,1627.17,,,,,,,,0
2025-11-21,股票,锋龙股份(002931.XSHE),多,2300股,2300股,17.61,40503,-1840,18.41,-,0,-1610,0股,-4.35%,42130.17,96.14%
2025-11-21,,Cash,,,,,1627.17,,,,,,,,0
2025-11-24,股票,锋龙股份(002931.XSHE),多,2300股,2300股,17.32,39836,-2507,18.41,-,0,-667,0股,-5.92%,41463.17,96.08%
2025-11-24,,Cash,,,,,1627.17,,,,,,,,0
2025-11-25,基金,银华日利(511880.XSHG),多,100股,100股,101.104,10110.4,0.3,101.101,-,0,0.3,100股,0%,42424.11,23.83%
2025-11-25,,Cash,,,,,32313.71,,,,,,,,0
2025-11-26,基金,银华日利(511880.XSHG),多,300股,300股,101.107,30332.1,0.6,101.105,-,0,0.3,200股,0%,42424.41,71.5%
2025-11-26,,Cash,,,,,12092.31,,,,,,,,0
2025-11-27,基金,银华日利(511880.XSHG),多,200股,200股,101.106,20221.2,0.2,101.105,-,0,-0.2,0股,0%,42424.31,47.66%
2025-11-27,,Cash,,,,,22203.11,,,,,,,,0
2025-11-28,基金,银华日利(511880.XSHG),多,200股,200股,101.114,20222.8,1.8,101.105,-,0,1.6,0股,0.01%,42425.91,47.67%
2025-11-28,,Cash,,,,,22203.11,,,,,,,,0
2025-12-01,基金,银华日利(511880.XSHG),多,200股,200股,101.117,20223.4,2.4,101.105,-,0,0.6,0股,0.01%,42426.51,47.67%
2025-12-01,,Cash,,,,,22203.11,,,,,,,,0
2025-12-02,基金,银华日利(511880.XSHG),多,200股,200股,101.135,20227,6,101.105,-,0,3.6,0股,0.03%,42430.11,47.67%
2025-12-02,,Cash,,,,,22203.11,,,,,,,,0
2025-12-03,基金,银华日利(511880.XSHG),多,200股,200股,101.146,20229.2,8.2,101.105,-,0,2.2,0股,0.04%,42432.31,47.67%
2025-12-03,,Cash,,,,,22203.11,,,,,,,,0
2025-12-04,基金,银华日利(511880.XSHG),多,200股,200股,101.132,20226.4,5.4,101.105,-,0,-2.8,0股,0.03%,42429.51,47.67%
2025-12-04,,Cash,,,,,22203.11,,,,,,,,0
2025-12-05,基金,银华日利(511880.XSHG),多,200股,200股,101.134,20226.8,5.8,101.105,-,0,0.4,0股,0.03%,42429.91,47.67%
2025-12-05,,Cash,,,,,22203.11,,,,,,,,0
2025-12-08,基金,银华日利(511880.XSHG),多,200股,200股,101.133,20226.6,5.6,101.105,-,0,-0.2,0股,0.03%,42429.71,47.67%
2025-12-08,,Cash,,,,,22203.11,,,,,,,,0
2025-12-09,基金,银华日利(511880.XSHG),多,200股,200股,101.137,20227.4,6.4,101.105,-,0,0.8,0股,0.03%,42430.51,47.67%
2025-12-09,,Cash,,,,,22203.11,,,,,,,,0
2025-12-10,基金,银华日利(511880.XSHG),多,200股,200股,101.142,20228.4,7.4,101.105,-,0,1,0股,0.04%,42431.51,47.67%
2025-12-10,,Cash,,,,,22203.11,,,,,,,,0
2025-12-11,基金,银华日利(511880.XSHG),多,200股,200股,101.153,20230.6,9.6,101.105,-,0,2.2,0股,0.05%,42433.71,47.68%
2025-12-11,,Cash,,,,,22203.11,,,,,,,,0
2025-12-12,基金,银华日利(511880.XSHG),多,200股,200股,101.146,20229.2,8.2,101.105,-,0,-1.4,0股,0.04%,42432.31,47.67%
2025-12-12,,Cash,,,,,22203.11,,,,,,,,0
2025-12-15,基金,银华日利(511880.XSHG),多,200股,200股,101.151,20230.2,9.2,101.105,-,0,1,0股,0.05%,42433.31,47.68%
2025-12-15,,Cash,,,,,22203.11,,,,,,,,0
2025-12-16,基金,银华日利(511880.XSHG),多,200股,200股,101.164,20232.8,11.8,101.105,-,0,2.6,0股,0.06%,42435.91,47.68%
2025-12-16,,Cash,,,,,22203.11,,,,,,,,0
2025-12-17,基金,银华日利(511880.XSHG),多,200股,200股,101.157,20231.4,10.4,101.105,-,0,-1.4,0股,0.05%,42434.51,47.68%
2025-12-17,,Cash,,,,,22203.11,,,,,,,,0
2025-12-18,基金,银华日利(511880.XSHG),多,200股,200股,101.166,20233.2,12.2,101.105,-,0,1.8,0股,0.06%,42436.31,47.68%
2025-12-18,,Cash,,,,,22203.11,,,,,,,,0
2025-12-19,基金,银华日利(511880.XSHG),多,200股,200股,101.17,20234,13,101.105,-,0,0.8,0股,0.06%,42437.11,47.68%
2025-12-19,,Cash,,,,,22203.11,,,,,,,,0
2025-12-22,基金,银华日利(511880.XSHG),多,200股,200股,101.17,20234,13,101.105,-,0,0,0股,0.06%,42437.11,47.68%
2025-12-22,,Cash,,,,,22203.11,,,,,,,,0
2025-12-23,基金,银华日利(511880.XSHG),多,200股,200股,101.176,20235.2,14.2,101.105,-,0,1.2,0股,0.07%,42438.31,47.68%
2025-12-23,,Cash,,,,,22203.11,,,,,,,,0
2025-12-24,基金,银华日利(511880.XSHG),多,200股,200股,101.177,20235.4,14.4,101.105,-,0,0.2,0股,0.07%,42438.51,47.68%
2025-12-24,,Cash,,,,,22203.11,,,,,,,,0
2025-12-25,基金,银华日利(511880.XSHG),多,200股,200股,101.178,20235.6,14.6,101.105,-,0,0.2,0股,0.07%,42438.71,47.68%
2025-12-25,,Cash,,,,,22203.11,,,,,,,,0
2025-12-26,基金,银华日利(511880.XSHG),多,200股,200股,101.187,20237.4,16.4,101.105,-,0,1.8,0股,0.08%,42440.51,47.68%
2025-12-26,,Cash,,,,,22203.11,,,,,,,,0
2025-12-29,基金,银华日利(511880.XSHG),多,200股,200股,101.195,20239,18,101.105,-,0,1.6,0股,0.09%,42442.11,47.69%
2025-12-29,,Cash,,,,,22203.11,,,,,,,,0
2025-12-30,股票,汇洁股份(002763.XSHE),多,1800股,0股,7.79,14022,0,7.79,-,0,0,1800股,0%,42425.91,33.05%
2025-12-30,股票,合兴包装(002228.XSHE),多,2700股,0股,5.13,13851,0,5.13,-,0,0,2700股,0%,42425.91,32.65%
2025-12-30,股票,昇兴股份(002752.XSHE),多,1900股,0股,7.14,13566,0,7.14,-,0,0,1900股,0%,42425.91,31.98%
2025-12-30,,Cash,,,,,986.91,,,,,,,,0
2025-12-31,股票,汇洁股份(002763.XSHE),多,1800股,1800股,7.22,12996,-1026,7.79,-,0,-1026,0股,-7.32%,39072.91,33.26%
2025-12-31,股票,合兴包装(002228.XSHE),多,2700股,2700股,4.62,12474,-1377,5.13,-,0,-1377,0股,-9.94%,39072.91,31.92%
2025-12-31,股票,昇兴股份(002752.XSHE),多,1900股,1900股,6.64,12616,-950,7.14,-,0,-950,0股,-7%,39072.91,32.29%
2025-12-31,,Cash,,,,,986.91,,,,,,,,0
2026-01-05,,Cash,,,,,39819.02,,,,,,,,0
2026-01-06,基金,银华日利(511880.XSHG),多,300股,300股,100.048,30014.4,-0.3,100.049,-,0,-0.3,300股,-0%,39818.72,75.38%
2026-01-06,,Cash,,,,,9804.32,,,,,,,,0
2026-01-07,基金,银华日利(511880.XSHG),多,300股,300股,100.064,30019.2,4.5,100.049,-,0,4.8,0股,0.01%,39823.52,75.38%
2026-01-07,,Cash,,,,,9804.32,,,,,,,,0
2026-01-08,基金,银华日利(511880.XSHG),多,300股,300股,100.068,30020.4,5.7,100.049,-,0,1.2,0股,0.02%,39824.72,75.38%
2026-01-08,,Cash,,,,,9804.32,,,,,,,,0
2026-01-09,基金,银华日利(511880.XSHG),多,300股,300股,100.074,30022.2,7.5,100.049,-,0,1.8,0股,0.02%,39826.52,75.38%
2026-01-09,,Cash,,,,,9804.32,,,,,,,,0
2026-01-12,基金,银华日利(511880.XSHG),多,300股,300股,100.072,30021.6,6.9,100.049,-,0,-0.6,0股,0.02%,39825.92,75.38%
2026-01-12,,Cash,,,,,9804.32,,,,,,,,0
2026-01-13,基金,银华日利(511880.XSHG),多,100股,100股,100.084,10008.4,3.5,100.049,-,0,1.2,0股,0.03%,39827.52,25.13%
2026-01-13,,Cash,,,,,29819.12,,,,,,,,0
2026-01-14,基金,银华日利(511880.XSHG),多,100股,100股,100.088,10008.8,3.9,100.049,-,0,0.4,0股,0.04%,39827.92,25.13%
2026-01-14,,Cash,,,,,29819.12,,,,,,,,0
2026-01-15,基金,银华日利(511880.XSHG),多,100股,100股,100.107,10010.7,5.8,100.049,-,0,1.9,0股,0.06%,39829.82,25.13%
2026-01-15,,Cash,,,,,29819.12,,,,,,,,0
2026-01-16,基金,银华日利(511880.XSHG),多,100股,100股,100.128,10012.8,7.9,100.049,-,0,2.1,0股,0.08%,39831.92,25.14%
2026-01-16,,Cash,,,,,29819.12,,,,,,,,0
2026-01-19,基金,银华日利(511880.XSHG),多,100股,100股,100.122,10012.2,7.3,100.049,-,0,-0.6,0股,0.07%,39831.32,25.14%
2026-01-19,,Cash,,,,,29819.12,,,,,,,,0
2026-01-20,基金,银华日利(511880.XSHG),多,200股,200股,100.119,20023.8,8.1,100.079,-,0,0.8,100股,0.04%,39832.12,50.27%
2026-01-20,,Cash,,,,,19808.32,,,,,,,,0
2026-01-21,基金,银华日利(511880.XSHG),多,200股,200股,100.107,20021.4,5.7,100.079,-,0,-2.4,0股,0.03%,39829.72,50.27%
2026-01-21,,Cash,,,,,19808.32,,,,,,,,0
2026-01-22,基金,银华日利(511880.XSHG),多,200股,200股,100.114,20022.8,7.1,100.079,-,0,1.4,0股,0.04%,39831.12,50.27%
2026-01-22,,Cash,,,,,19808.32,,,,,,,,0
2026-01-23,基金,银华日利(511880.XSHG),多,200股,200股,100.12,20024,8.3,100.079,-,0,1.2,0股,0.04%,39832.32,50.27%
2026-01-23,,Cash,,,,,19808.32,,,,,,,,0
2026-01-26,基金,银华日利(511880.XSHG),多,200股,200股,100.127,20025.4,9.7,100.079,-,0,1.4,0股,0.05%,39833.72,50.27%
2026-01-26,,Cash,,,,,19808.32,,,,,,,,0
2026-01-27,基金,银华日利(511880.XSHG),多,200股,200股,100.132,20026.4,10.7,100.079,-,0,1,0股,0.05%,39834.72,50.27%
2026-01-27,,Cash,,,,,19808.32,,,,,,,,0
2026-01-28,基金,银华日利(511880.XSHG),多,200股,200股,100.13,20026,10.3,100.079,-,0,-0.4,0股,0.05%,39834.32,50.27%
2026-01-28,,Cash,,,,,19808.32,,,,,,,,0
2026-01-29,基金,银华日利(511880.XSHG),多,200股,200股,100.129,20025.8,10.1,100.079,-,0,-0.2,0股,0.05%,39834.12,50.27%
2026-01-29,,Cash,,,,,19808.32,,,,,,,,0
2026-01-30,基金,银华日利(511880.XSHG),多,200股,200股,100.137,20027.4,11.7,100.079,-,0,1.6,0股,0.06%,39835.72,50.27%
2026-01-30,,Cash,,,,,19808.32,,,,,,,,0
2026-02-02,基金,银华日利(511880.XSHG),多,200股,200股,100.158,20031.6,15.9,100.079,-,0,4.2,0股,0.08%,39839.92,50.28%
2026-02-02,,Cash,,,,,19808.32,,,,,,,,0
2026-02-03,股票,湖南白银(002716.XSHE),多,2500股,0股,15.43,38575,0,15.43,-,0,0,2500股,0%,39827.28,96.86%
2026-02-03,,Cash,,,,,1252.28,,,,,,,,0
2026-02-04,股票,湖南白银(002716.XSHE),多,2500股,2500股,15.44,38600,25,15.43,-,0,25,0股,0.06%,39852.28,96.86%
2026-02-04,,Cash,,,,,1252.28,,,,,,,,0
2026-02-05,股票,湖南白银(002716.XSHE),多,2500股,2500股,13.9,34750,-3825,15.43,-,0,-3850,0股,-9.92%,36002.28,96.52%
2026-02-05,,Cash,,,,,1252.28,,,,,,,,0
2026-02-06,基金,银华日利(511880.XSHG),多,100股,100股,100.17,10017,0.6,100.164,-,0,0.6,100股,0.01%,33462.57,29.93%
2026-02-06,,Cash,,,,,23445.57,,,,,,,,0
2026-02-09,基金,银华日利(511880.XSHG),多,200股,200股,100.16,20032,-0.4,100.162,-,0,-1,100股,-0%,33461.57,59.87%
2026-02-09,,Cash,,,,,13429.57,,,,,,,,0
2026-02-10,基金,银华日利(511880.XSHG),多,200股,200股,100.166,20033.2,0.8,100.162,-,0,1.2,0股,0%,33462.77,59.87%
2026-02-10,,Cash,,,,,13429.57,,,,,,,,0
2026-02-11,基金,银华日利(511880.XSHG),多,200股,200股,100.176,20035.2,2.8,100.162,-,0,2,0股,0.01%,33464.77,59.87%
2026-02-11,,Cash,,,,,13429.57,,,,,,,,0
2026-02-12,基金,银华日利(511880.XSHG),多,200股,200股,100.187,20037.4,5,100.162,-,0,2.2,0股,0.02%,33466.97,59.87%
2026-02-12,,Cash,,,,,13429.57,,,,,,,,0
2026-02-13,基金,银华日利(511880.XSHG),多,200股,200股,100.22,20044,11.6,100.162,-,0,6.6,0股,0.06%,33473.57,59.88%
2026-02-13,,Cash,,,,,13429.57,,,,,,,,0
