日期,委托时间,品种,标的,交易类型,下单类型,成交数量,成交价,成交额,委托数量,委托价格,平仓盈亏,手续费,状态,最后更新时间
2023-09-01,10:00:00,基金,银华日利(511880.XSHG),买,市价单,1900股,101.278,192428.2,1900股,-,0,0,全部成交,2023-09-01 10:00:00
2023-09-01,14:00:00,基金,银华日利(511880.XSHG),卖,市价单,-1800股,101.3,-182340,-1800股,-,39.6,0,全部成交,2023-09-01 14:00:00
2023-09-04,14:00:00,基金,银华日利(511880.XSHG),买,市价单,1700股,101.301,172211.7,1700股,-,0,0,全部成交,2023-09-04 14:00:00
2023-09-05,14:00:00,基金,银华日利(511880.XSHG),卖,市价单,-1600股,101.296,-162073.6,-1600股,-,-5.96,0,全部成交,2023-09-05 14:00:00
2023-09-06,14:00:00,基金,银华日利(511880.XSHG),买,市价单,1500股,101.294,151941,1500股,-,0,0,全部成交,2023-09-06 14:00:00
2023-09-07,14:00:00,基金,银华日利(511880.XSHG),卖,市价单,-1400股,101.298,-141817.2,-1400股,-,4.66,0,全部成交,2023-09-07 14:00:00
2023-09-08,14:00:00,基金,银华日利(511880.XSHG),买,市价单,1300股,101.312,131705.6,1300股,-,0,0,全部成交,2023-09-08 14:00:00
2023-09-11,14:00:00,基金,银华日利(511880.XSHG),卖,市价单,-1200股,101.314,-121576.8,-1200股,-,6.3,0,全部成交,2023-09-11 14:00:00
2023-09-12,14:00:00,基金,银华日利(511880.XSHG),买,市价单,1100股,101.317,111448.7,1100股,-,0,0,全部成交,2023-09-12 14:00:00
2023-09-13,14:00:00,基金,银华日利(511880.XSHG),卖,市价单,-1000股,101.332,-101332,-1000股,-,17.2,0,全部成交,2023-09-13 14:00:00
2023-09-14,14:00:00,基金,银华日利(511880.XSHG),买,市价单,900股,101.325,91192.5,900股,-,0,0,全部成交,2023-09-14 14:00:00
2023-09-15,14:00:00,基金,银华日利(511880.XSHG),卖,市价单,-800股,101.338,-81070.4,-800股,-,13.31,0,全部成交,2023-09-15 14:00:00
2023-09-18,14:00:00,基金,银华日利(511880.XSHG),买,市价单,700股,101.338,70936.6,700股,-,0,0,全部成交,2023-09-18 14:00:00
2023-09-19,14:00:00,基金,银华日利(511880.XSHG),卖,市价单,-600股,101.341,-60804.6,-600股,-,6.41,0,全部成交,2023-09-19 14:00:00
2023-09-20,14:00:00,基金,银华日利(511880.XSHG),买,市价单,500股,101.341,50670.5,500股,-,0,0,全部成交,2023-09-20 14:00:00
2023-09-21,14:00:00,基金,银华日利(511880.XSHG),卖,市价单,-400股,101.341,-40536.4,-400股,-,2.49,0,全部成交,2023-09-21 14:00:00
2023-09-22,14:00:00,基金,银华日利(511880.XSHG),买,市价单,300股,101.35,30405,300股,-,0,0,全部成交,2023-09-22 14:00:00
2023-09-25,14:00:00,基金,银华日利(511880.XSHG),卖,市价单,-200股,101.364,-20272.8,-200股,-,5.02,0,全部成交,2023-09-25 14:00:00
2023-09-26,10:00:00,基金,银华日利(511880.XSHG),卖,市价单,-900股,101.367,-91230.3,-900股,-,25.27,0,全部成交,2023-09-26 10:00:00
2023-09-26,10:00:00,股票,日久光电(003015.XSHE),买,市价单,8800股,11.36,99968,8800股,-,0,24.99,全部成交,2023-09-26 10:00:00
2023-09-26,10:00:00,股票,双环传动(002472.XSHE),买,市价单,3300股,30.12,99396,3300股,-,0,24.85,全部成交,2023-09-26 10:00:00
2023-10-10,10:00:00,股票,日久光电(003015.XSHE),卖,市价单,-8800股,11.13,-97944,-8800股,-,-2024,122.43,全部成交,2023-10-10 10:00:00
2023-10-10,10:00:00,股票,双环传动(002472.XSHE),卖,市价单,-3300股,27.53,-90849,-3300股,-,-8547,113.56,全部成交,2023-10-10 10:00:00
2023-10-10,10:00:00,基金,银华日利(511880.XSHG),买,市价单,1800股,101.467,182640.6,1800股,-,0,0,全部成交,2023-10-10 10:00:00
2023-10-10,14:00:00,基金,银华日利(511880.XSHG),卖,市价单,-1700股,101.469,-172497.3,-1700股,-,3.4,0,全部成交,2023-10-10 14:00:00
2023-10-11,14:00:00,基金,银华日利(511880.XSHG),买,市价单,1600股,101.476,162361.6,1600股,-,0,0,全部成交,2023-10-11 14:00:00
2023-10-12,14:00:00,基金,银华日利(511880.XSHG),卖,市价单,-1500股,101.466,-152199,-1500股,-,-14.21,0,全部成交,2023-10-12 14:00:00
2023-10-13,14:00:00,基金,银华日利(511880.XSHG),买,市价单,1400股,101.493,142090.2,1400股,-,0,0,全部成交,2023-10-13 14:00:00
2023-10-16,14:00:00,基金,银华日利(511880.XSHG),卖,市价单,-1300股,101.492,-131939.6,-1300股,-,1.55,0,全部成交,2023-10-16 14:00:00
2023-10-17,10:00:00,基金,银华日利(511880.XSHG),卖,市价单,-300股,101.495,-30448.5,-300股,-,1.26,0,全部成交,2023-10-17 10:00:00
2023-10-17,10:00:00,股票,崇达技术(002815.XSHE),买,市价单,18300股,10.31,188673,18300股,-,0,47.17,全部成交,2023-10-17 10:00:00
2023-10-24,10:00:00,股票,崇达技术(002815.XSHE),卖,市价单,-18300股,9.72,-177876,-18300股,-,-10797,222.34,全部成交,2023-10-24 10:00:00
2023-10-24,10:00:00,基金,银华日利(511880.XSHG),买,市价单,1700股,101.527,172595.9,1700股,-,0,0,全部成交,2023-10-24 10:00:00
2023-10-24,14:00:00,基金,银华日利(511880.XSHG),卖,市价单,-1600股,101.525,-162440,-1600股,-,-3.2,0,全部成交,2023-10-24 14:00:00
2023-10-25,14:00:00,基金,银华日利(511880.XSHG),买,市价单,1500股,101.521,152281.5,1500股,-,0,0,全部成交,2023-10-25 14:00:00
2023-10-26,14:00:00,基金,银华日利(511880.XSHG),卖,市价单,-1400股,101.521,-142129.4,-1400股,-,-0.53,0,全部成交,2023-10-26 14:00:00
2023-10-27,14:00:00,基金,银华日利(511880.XSHG),买,市价单,1300股,101.528,131986.4,1300股,-,0,0,全部成交,2023-10-27 14:00:00
2023-10-30,14:00:00,基金,银华日利(511880.XSHG),卖,市价单,-1200股,101.537,-121844.4,-1200股,-,11.86,0,全部成交,2023-10-30 14:00:00
2023-10-31,14:00:00,基金,银华日利(511880.XSHG),买,市价单,1100股,101.548,111702.8,1100股,-,0,0,全部成交,2023-10-31 14:00:00
2023-11-01,14:00:00,基金,银华日利(511880.XSHG),卖,市价单,-1000股,101.565,-101565,-1000股,-,21.47,0,全部成交,2023-11-01 14:00:00
2023-11-02,14:00:00,基金,银华日利(511880.XSHG),买,市价单,900股,101.575,91417.5,900股,-,0,0,全部成交,2023-11-02 14:00:00
2023-11-03,14:00:00,基金,银华日利(511880.XSHG),卖,市价单,-800股,101.578,-81262.4,-800股,-,10.15,0,全部成交,2023-11-03 14:00:00
2023-11-06,14:00:00,基金,银华日利(511880.XSHG),买,市价单,700股,101.567,71096.9,700股,-,0,0,全部成交,2023-11-06 14:00:00
2023-11-07,14:00:00,基金,银华日利(511880.XSHG),卖,市价单,-600股,101.583,-60949.8,-600股,-,10.02,0,全部成交,2023-11-07 14:00:00
2023-11-08,14:00:00,基金,银华日利(511880.XSHG),买,市价单,500股,101.591,50795.5,500股,-,0,0,全部成交,2023-11-08 14:00:00
2023-11-09,14:00:00,基金,银华日利(511880.XSHG),卖,市价单,-400股,101.593,-40637.2,-400股,-,6.19,0,全部成交,2023-11-09 14:00:00
2023-11-10,14:00:00,基金,银华日利(511880.XSHG),买,市价单,300股,101.606,30481.8,300股,-,0,0,全部成交,2023-11-10 14:00:00
2023-11-13,14:00:00,基金,银华日利(511880.XSHG),卖,市价单,-200股,101.611,-20322.2,-200股,-,4.99,0,全部成交,2023-11-13 14:00:00
2023-11-14,14:00:00,基金,银华日利(511880.XSHG),买,市价单,100股,101.614,10161.4,100股,-,0,0,全部成交,2023-11-14 14:00:00
2024-01-23,10:00:00,基金,银华日利(511880.XSHG),卖,市价单,-900股,100.211,-90189.9,-900股,-,364.35,0,全部成交,2024-01-23 10:00:00
2024-01-30,10:00:00,基金,银华日利(511880.XSHG),买,市价单,1700股,100.247,170419.9,1700股,-,0,0,全部成交,2024-01-30 10:00:00
2024-02-01,14:00:00,基金,银华日利(511880.XSHG),卖,市价单,-1600股,100.263,-160420.8,-1600股,-,25.6,0,全部成交,2024-02-01 14:00:00
2024-02-01,14:00:00,基金,银华日利(511880.XSHG),买,市价单,1500股,100.263,150394.5,1500股,-,0,0,全部成交,2024-02-01 14:00:00
2024-02-02,14:00:00,基金,银华日利(511880.XSHG),卖,市价单,-1400股,100.279,-140390.6,-1400股,-,23.8,0,全部成交,2024-02-02 14:00:00
2024-02-05,14:00:00,基金,银华日利(511880.XSHG),买,市价单,1300股,100.281,130365.3,1300股,-,0,0,全部成交,2024-02-05 14:00:00
2024-02-06,10:00:00,基金,银华日利(511880.XSHG),卖,市价单,-1500股,100.286,-150429,-1500股,-,11.3,0,全部成交,2024-02-06 10:00:00
2024-02-06,10:00:00,股票,精艺股份(002295.XSHE),买,市价单,6500股,4.52,29380,6500股,-,0,7.34,全部成交,2024-02-06 10:00:00
2024-02-06,10:00:00,股票,英派斯(002899.XSHE),买,市价单,3100股,9.51,29481,3100股,-,0,7.37,全部成交,2024-02-06 10:00:00
2024-02-06,10:00:00,股票,登云股份(002715.XSHE),买,市价单,3500股,8.49,29715,3500股,-,0,7.43,全部成交,2024-02-06 10:00:00
2024-02-06,10:00:00,股票,名雕股份(002830.XSHE),买,市价单,3300股,8.86,29238,3300股,-,0,7.31,全部成交,2024-02-06 10:00:00
2024-02-06,10:00:00,股票,联诚精密(002921.XSHE),买,市价单,3200股,9.29,29728,3200股,-,0,7.43,全部成交,2024-02-06 10:00:00
2024-02-06,10:00:00,股票,达意隆(002209.XSHE),买,市价单,4800股,6.17,29616,4800股,-,0,7.4,全部成交,2024-02-06 10:00:00
2024-02-08,10:00:00,股票,精艺股份(002295.XSHE),卖,市价单,-6500股,4.05,-26325,-6500股,-,-3055,32.91,全部成交,2024-02-08 10:00:00
2024-02-08,10:00:00,股票,登云股份(002715.XSHE),卖,市价单,-3500股,6.97,-24395,-3500股,-,-5320,30.49,全部成交,2024-02-08 10:00:00
2024-02-08,10:00:00,股票,名雕股份(002830.XSHE),卖,市价单,-0股,--,0,-3300股,-,0,0,已撤单,2024-02-08 10:00:00
2024-02-08,10:00:00,股票,联诚精密(002921.XSHE),卖,市价单,-3200股,8.45,-27040,-3200股,-,-2688,33.8,全部成交,2024-02-08 10:00:00
2024-02-08,10:00:00,股票,达意隆(002209.XSHE),卖,市价单,-4800股,5.59,-26832,-4800股,-,-2784,33.54,全部成交,2024-02-08 10:00:00
2024-02-08,14:00:00,基金,银华日利(511880.XSHG),买,市价单,200股,100.34,20068,200股,-,0,0,全部成交,2024-02-08 14:00:00
2024-02-08,14:00:00,基金,银华日利(511880.XSHG),买,市价单,600股,100.34,60204,600股,-,0,0,全部成交,2024-02-08 14:00:00
2024-02-19,14:00:00,基金,银华日利(511880.XSHG),卖,市价单,-500股,100.344,-50172,-500股,-,2,0,全部成交,2024-02-19 14:00:00
2024-02-20,10:00:00,股票,名雕股份(002830.XSHE),卖,市价单,-3300股,8.92,-29436,-3300股,-,198,36.8,全部成交,2024-02-20 10:00:00
2024-02-20,14:00:00,股票,英派斯(002899.XSHE),卖,市价单,-3100股,11.22,-34782,-3100股,-,5301,43.48,全部成交,2024-02-20 14:00:00
2024-02-20,14:00:00,基金,银华日利(511880.XSHG),买,市价单,1000股,100.351,100351,1000股,-,0,0,全部成交,2024-02-20 14:00:00
2024-02-20,14:00:00,基金,银华日利(511880.XSHG),卖,市价单,-900股,100.351,-90315.9,-900股,-,2.28,0,全部成交,2024-02-20 14:00:00
2024-02-21,14:00:00,基金,银华日利(511880.XSHG),买,市价单,800股,100.352,80281.6,800股,-,0,0,全部成交,2024-02-21 14:00:00
2024-02-22,14:00:00,基金,银华日利(511880.XSHG),卖,市价单,-700股,100.355,-70248.5,-700股,-,2.93,0,全部成交,2024-02-22 14:00:00
2024-02-23,14:00:00,基金,银华日利(511880.XSHG),买,市价单,600股,100.369,60221.4,600股,-,0,0,全部成交,2024-02-23 14:00:00
2024-02-26,14:00:00,基金,银华日利(511880.XSHG),卖,市价单,-500股,100.376,-50188,-500股,-,7.63,0,全部成交,2024-02-26 14:00:00
2024-02-27,10:00:00,基金,银华日利(511880.XSHG),卖,市价单,-600股,100.383,-60229.8,-600股,-,13.36,0,全部成交,2024-02-27 10:00:00
2024-02-27,10:00:00,股票,二六三(002467.XSHE),买,市价单,34200股,4.97,169974,34200股,-,0,42.49,全部成交,2024-02-27 10:00:00
2024-02-29,10:00:00,股票,二六三(002467.XSHE),卖,市价单,-34200股,4.38,-149796,-34200股,-,-20178,187.24,全部成交,2024-02-29 10:00:00
2024-02-29,14:00:00,基金,银华日利(511880.XSHG),买,市价单,1400股,100.378,140529.2,1400股,-,0,0,全部成交,2024-02-29 14:00:00
2024-02-29,14:00:00,基金,银华日利(511880.XSHG),卖,市价单,-1300股,100.378,-130491.4,-1300股,-,0,0,全部成交,2024-02-29 14:00:00
2024-03-01,14:00:00,基金,银华日利(511880.XSHG),买,市价单,1200股,100.41,120492,1200股,-,0,0,全部成交,2024-03-01 14:00:00
2024-03-04,14:00:00,基金,银华日利(511880.XSHG),卖,市价单,-1100股,100.416,-110457.6,-1100股,-,9.31,0,全部成交,2024-03-04 14:00:00
2024-03-05,10:00:00,基金,银华日利(511880.XSHG),卖,市价单,-200股,100.421,-20084.2,-200股,-,2.69,0,全部成交,2024-03-05 10:00:00
2024-03-05,10:00:00,股票,达意隆(002209.XSHE),买,市价单,8000股,9.32,74560,8000股,-,0,18.64,全部成交,2024-03-05 10:00:00
2024-03-05,10:00:00,股票,康盛股份(002418.XSHE),买,市价单,27600股,2.71,74796,27600股,-,0,18.7,全部成交,2024-03-05 10:00:00
2024-03-12,10:00:00,股票,达意隆(002209.XSHE),卖,市价单,-8000股,9.1,-72800,-8000股,-,-1760,91,全部成交,2024-03-12 10:00:00
2024-03-12,10:00:00,股票,康盛股份(002418.XSHE),卖,市价单,-27600股,2.61,-72036,-27600股,-,-2760,90.04,全部成交,2024-03-12 10:00:00
2024-03-12,10:00:00,基金,银华日利(511880.XSHG),买,市价单,1400股,100.448,140627.2,1400股,-,0,0,全部成交,2024-03-12 10:00:00
2024-03-12,14:00:00,基金,银华日利(511880.XSHG),卖,市价单,-1300股,100.449,-130583.7,-1300股,-,1.3,0,全部成交,2024-03-12 14:00:00
2024-03-13,14:00:00,基金,银华日利(511880.XSHG),买,市价单,1200股,100.448,120537.6,1200股,-,0,0,全部成交,2024-03-13 14:00:00
2024-03-14,14:00:00,基金,银华日利(511880.XSHG),卖,市价单,-1100股,100.454,-110499.4,-1100股,-,6.6,0,全部成交,2024-03-14 14:00:00
2024-03-15,14:00:00,基金,银华日利(511880.XSHG),买,市价单,1000股,100.479,100479,1000股,-,0,0,全部成交,2024-03-15 14:00:00
2024-03-18,14:00:00,基金,银华日利(511880.XSHG),卖,市价单,-900股,100.482,-90433.8,-900股,-,7.35,0,全部成交,2024-03-18 14:00:00
2024-03-19,14:00:00,基金,银华日利(511880.XSHG),买,市价单,800股,100.49,80392,800股,-,0,0,全部成交,2024-03-19 14:00:00
2024-03-20,14:00:00,基金,银华日利(511880.XSHG),卖,市价单,-700股,100.492,-70344.4,-700股,-,4.49,0,全部成交,2024-03-20 14:00:00
2024-03-21,14:00:00,基金,银华日利(511880.XSHG),买,市价单,600股,100.495,60297,600股,-,0,0,全部成交,2024-03-21 14:00:00
2024-03-22,14:00:00,基金,银华日利(511880.XSHG),卖,市价单,-500股,100.514,-50257,-500股,-,11.38,0,全部成交,2024-03-22 14:00:00
2024-03-25,14:00:00,基金,银华日利(511880.XSHG),买,市价单,400股,100.52,40208,400股,-,0,0,全部成交,2024-03-25 14:00:00
2024-03-26,14:00:00,基金,银华日利(511880.XSHG),卖,市价单,-300股,100.528,-30158.4,-300股,-,7.19,0,全部成交,2024-03-26 14:00:00
2024-03-27,14:00:00,基金,银华日利(511880.XSHG),买,市价单,200股,100.527,20105.4,200股,-,0,0,全部成交,2024-03-27 14:00:00
2024-03-28,14:00:00,基金,银华日利(511880.XSHG),卖,市价单,-100股,100.511,-10051.1,-100股,-,0.12,0,全部成交,2024-03-28 14:00:00
2024-04-17,10:00:00,基金,银华日利(511880.XSHG),卖,市价单,-700股,100.625,-70437.5,-700股,-,80.66,0,全部成交,2024-04-17 10:00:00
2024-04-23,10:00:00,基金,银华日利(511880.XSHG),买,市价单,1400股,100.654,140915.6,1400股,-,0,0,全部成交,2024-04-23 10:00:00
2024-04-30,10:00:00,基金,银华日利(511880.XSHG),卖,市价单,-1300股,100.7,-130910,-1300股,-,59.8,0,全部成交,2024-04-30 10:00:00
2024-05-06,14:00:00,基金,银华日利(511880.XSHG),买,市价单,1200股,100.707,120848.4,1200股,-,0,0,全部成交,2024-05-06 14:00:00
2024-05-06,14:00:00,基金,银华日利(511880.XSHG),卖,市价单,-1100股,100.707,-110777.7,-1100股,-,4.48,0,全部成交,2024-05-06 14:00:00
2024-05-07,14:00:00,基金,银华日利(511880.XSHG),买,市价单,1000股,100.713,100713,1000股,-,0,0,全部成交,2024-05-07 14:00:00
2024-05-08,14:00:00,基金,银华日利(511880.XSHG),卖,市价单,-900股,100.722,-90649.8,-900股,-,9.61,0,全部成交,2024-05-08 14:00:00
2024-05-09,14:00:00,基金,银华日利(511880.XSHG),买,市价单,800股,100.72,80576,800股,-,0,0,全部成交,2024-05-09 14:00:00
2024-05-10,14:00:00,基金,银华日利(511880.XSHG),卖,市价单,-700股,100.741,-70518.7,-700股,-,16.36,0,全部成交,2024-05-10 14:00:00
2024-05-13,14:00:00,基金,银华日利(511880.XSHG),买,市价单,600股,100.738,60442.8,600股,-,0,0,全部成交,2024-05-13 14:00:00
2024-05-14,14:00:00,基金,银华日利(511880.XSHG),卖,市价单,-500股,100.744,-50372,-500股,-,7.07,0,全部成交,2024-05-14 14:00:00
2024-05-15,14:00:00,基金,银华日利(511880.XSHG),买,市价单,400股,100.747,40298.8,400股,-,0,0,全部成交,2024-05-15 14:00:00
2024-05-16,14:00:00,基金,银华日利(511880.XSHG),卖,市价单,-300股,100.75,-30225,-300股,-,3.76,0,全部成交,2024-05-16 14:00:00
2024-05-17,14:00:00,基金,银华日利(511880.XSHG),买,市价单,200股,100.762,20152.4,200股,-,0,0,全部成交,2024-05-17 14:00:00
2024-05-20,14:00:00,基金,银华日利(511880.XSHG),卖,市价单,-100股,100.761,-10076.1,-100股,-,1.74,0,全部成交,2024-05-20 14:00:00
2024-06-04,10:00:00,基金,银华日利(511880.XSHG),卖,市价单,-700股,100.836,-70585.2,-700股,-,64.68,0,全部成交,2024-06-04 10:00:00
2024-06-04,10:00:00,股票,美邦服饰(002269.XSHE),买,市价单,61000股,1.19,72590,61000股,-,0,18.15,全部成交,2024-06-04 10:00:00
2024-06-04,10:00:00,股票,中公教育(002607.XSHE),买,市价单,38000股,1.91,72580,38000股,-,0,18.14,全部成交,2024-06-04 10:00:00
2024-06-06,10:00:00,股票,中公教育(002607.XSHE),卖,市价单,-38000股,1.71,-64980,-38000股,-,-7600,81.23,全部成交,2024-06-06 10:00:00
2024-06-06,14:00:00,基金,银华日利(511880.XSHG),买,市价单,600股,100.843,60505.8,600股,-,0,0,全部成交,2024-06-06 14:00:00
2024-06-06,14:00:00,基金,银华日利(511880.XSHG),卖,市价单,-500股,100.843,-50421.5,-500股,-,0,0,全部成交,2024-06-06 14:00:00
2024-06-07,14:00:00,基金,银华日利(511880.XSHG),买,市价单,400股,100.861,40344.4,400股,-,0,0,全部成交,2024-06-07 14:00:00
2024-06-11,14:00:00,基金,银华日利(511880.XSHG),卖,市价单,-300股,100.863,-30258.9,-300股,-,1.68,0,全部成交,2024-06-11 14:00:00
2024-06-12,10:00:00,股票,美邦服饰(002269.XSHE),卖,市价单,-61000股,1.18,-71980,-61000股,-,-610,89.98,全部成交,2024-06-12 10:00:00
2024-06-12,14:00:00,基金,银华日利(511880.XSHG),买,市价单,900股,100.864,90777.6,900股,-,0,0,全部成交,2024-06-12 14:00:00
2024-06-13,14:00:00,基金,银华日利(511880.XSHG),卖,市价单,-800股,100.866,-80692.8,-800股,-,2.56,0,全部成交,2024-06-13 14:00:00
2024-06-14,14:00:00,基金,银华日利(511880.XSHG),买,市价单,700股,100.874,70611.8,700股,-,0,0,全部成交,2024-06-14 14:00:00
2024-06-17,14:00:00,基金,银华日利(511880.XSHG),卖,市价单,-600股,100.882,-60529.2,-600股,-,6.82,0,全部成交,2024-06-17 14:00:00
2024-06-18,14:00:00,基金,银华日利(511880.XSHG),买,市价单,500股,100.887,50443.5,500股,-,0,0,全部成交,2024-06-18 14:00:00
2024-06-19,14:00:00,基金,银华日利(511880.XSHG),卖,市价单,-400股,100.894,-40357.6,-400股,-,5.71,0,全部成交,2024-06-19 14:00:00
2024-06-20,14:00:00,基金,银华日利(511880.XSHG),买,市价单,300股,100.893,30267.9,300股,-,0,0,全部成交,2024-06-20 14:00:00
2024-06-21,14:00:00,基金,银华日利(511880.XSHG),卖,市价单,-200股,100.905,-20181,-200股,-,4.06,0,全部成交,2024-06-21 14:00:00
2024-06-24,14:00:00,基金,银华日利(511880.XSHG),买,市价单,100股,100.911,10091.1,100股,-,0,0,全部成交,2024-06-24 14:00:00
2024-06-25,10:00:00,基金,银华日利(511880.XSHG),卖,市价单,-700股,100.915,-70640.5,-700股,-,18.58,0,全部成交,2024-06-25 10:00:00
2024-06-25,10:00:00,股票,信隆健康(002105.XSHE),买,市价单,16200股,4.2,68040,16200股,-,0,17.01,全部成交,2024-06-25 10:00:00
2024-06-25,10:00:00,股票,思美传媒(002712.XSHE),买,市价单,18400股,3.7,68080,18400股,-,0,17.02,全部成交,2024-06-25 10:00:00
2024-06-26,10:00:00,股票,思美传媒(002712.XSHE),卖,市价单,-0股,--,0,-18400股,-,0,0,已撤单,2024-06-26 10:00:00
2024-07-02,10:00:00,股票,信隆健康(002105.XSHE),卖,市价单,-16200股,4.16,-67392,-16200股,-,-648,84.24,全部成交,2024-07-02 10:00:00
2024-07-02,10:00:00,股票,思美传媒(002712.XSHE),卖,市价单,-18400股,3.81,-70104,-18400股,-,2024,87.63,全部成交,2024-07-02 10:00:00
2024-07-02,10:00:00,基金,银华日利(511880.XSHG),买,市价单,1300股,100.952,131237.6,1300股,-,0,0,全部成交,2024-07-02 10:00:00
2024-07-02,14:00:00,基金,银华日利(511880.XSHG),卖,市价单,-1200股,100.953,-121143.6,-1200股,-,1.2,0,全部成交,2024-07-02 14:00:00
2024-07-03,14:00:00,基金,银华日利(511880.XSHG),买,市价单,1100股,100.958,111053.8,1100股,-,0,0,全部成交,2024-07-03 14:00:00
2024-07-04,14:00:00,基金,银华日利(511880.XSHG),卖,市价单,-1000股,100.959,-100959,-1000股,-,1.5,0,全部成交,2024-07-04 14:00:00
2024-07-05,14:00:00,基金,银华日利(511880.XSHG),买,市价单,900股,100.968,90871.2,900股,-,0,0,全部成交,2024-07-05 14:00:00
2024-07-08,14:00:00,基金,银华日利(511880.XSHG),卖,市价单,-800股,100.97,-80776,-800股,-,3.13,0,全部成交,2024-07-08 14:00:00
2024-07-09,10:00:00,基金,银华日利(511880.XSHG),卖,市价单,-300股,100.972,-30291.6,-300股,-,1.77,0,全部成交,2024-07-09 10:00:00
2024-07-09,10:00:00,股票,特一药业(002728.XSHE),买,市价单,9500股,7.22,68590,9500股,-,0,17.15,全部成交,2024-07-09 10:00:00
2024-07-09,10:00:00,股票,建艺集团(002789.XSHE),买,市价单,8100股,8.42,68202,8100股,-,0,17.05,全部成交,2024-07-09 10:00:00
2024-07-11,14:00:00,股票,建艺集团(002789.XSHE),卖,市价单,-8100股,9.03,-73143,-8100股,-,4941,91.43,全部成交,2024-07-11 14:00:00
2024-07-11,14:00:00,股票,特一药业(002728.XSHE),买,市价单,200股,7.65,1530,200股,-,0,5,全部成交,2024-07-11 14:00:00
2024-07-11,14:00:00,基金,银华日利(511880.XSHG),买,市价单,700股,100.974,70681.8,700股,-,0,0,全部成交,2024-07-11 14:00:00
2024-07-12,14:00:00,基金,银华日利(511880.XSHG),卖,市价单,-600股,100.987,-60592.2,-600股,-,7.8,0,全部成交,2024-07-12 14:00:00
2024-07-15,14:00:00,基金,银华日利(511880.XSHG),买,市价单,500股,100.994,50497,500股,-,0,0,全部成交,2024-07-15 14:00:00
2024-07-16,10:00:00,股票,特一药业(002728.XSHE),卖,市价单,-9700股,7.48,-72556,-9700股,-,2436,90.7,全部成交,2024-07-16 10:00:00
2024-07-16,14:00:00,基金,银华日利(511880.XSHG),买,市价单,200股,100.997,20199.4,200股,-,0,0,全部成交,2024-07-16 14:00:00
2024-07-17,14:00:00,基金,银华日利(511880.XSHG),卖,市价单,-100股,100.999,-10099.9,-100股,-,0.67,0,全部成交,2024-07-17 14:00:00
2024-08-20,10:00:00,基金,银华日利(511880.XSHG),卖,市价单,-700股,101.124,-70786.8,-700股,-,92.23,0,全部成交,2024-08-20 10:00:00
2024-08-20,10:00:00,股票,亚世光电(002952.XSHE),买,市价单,6500股,22.28,144820,6500股,-,0,36.2,全部成交,2024-08-20 10:00:00
2024-08-23,10:00:00,股票,亚世光电(002952.XSHE),卖,市价单,-6500股,20.15,-130975,-6500股,-,-13845,163.72,全部成交,2024-08-23 10:00:00
2024-08-23,14:00:00,基金,银华日利(511880.XSHG),买,市价单,1200股,101.145,121374,1200股,-,0,0,全部成交,2024-08-23 14:00:00
2024-08-23,14:00:00,基金,银华日利(511880.XSHG),卖,市价单,-1100股,101.145,-111259.5,-1100股,-,0,0,全部成交,2024-08-23 14:00:00
2024-08-26,14:00:00,基金,银华日利(511880.XSHG),买,市价单,1000股,101.148,101148,1000股,-,0,0,全部成交,2024-08-26 14:00:00
2024-08-27,14:00:00,基金,银华日利(511880.XSHG),卖,市价单,-900股,101.15,-91035,-900股,-,2.05,0,全部成交,2024-08-27 14:00:00
2024-08-28,14:00:00,基金,银华日利(511880.XSHG),买,市价单,800股,101.155,80924,800股,-,0,0,全部成交,2024-08-28 14:00:00
2024-08-29,14:00:00,基金,银华日利(511880.XSHG),卖,市价单,-700股,101.152,-70806.4,-700股,-,-1.08,0,全部成交,2024-08-29 14:00:00
2024-08-30,14:00:00,基金,银华日利(511880.XSHG),买,市价单,600股,101.155,60693,600股,-,0,0,全部成交,2024-08-30 14:00:00
2024-09-02,14:00:00,基金,银华日利(511880.XSHG),卖,市价单,-500股,101.177,-50588.5,-500股,-,11.24,0,全部成交,2024-09-02 14:00:00
2024-09-03,14:00:00,基金,银华日利(511880.XSHG),买,市价单,400股,101.177,40470.8,400股,-,0,0,全部成交,2024-09-03 14:00:00
2024-09-04,14:00:00,基金,银华日利(511880.XSHG),卖,市价单,-300股,101.182,-30354.6,-300股,-,4.87,0,全部成交,2024-09-04 14:00:00
2024-09-05,14:00:00,基金,银华日利(511880.XSHG),买,市价单,200股,101.19,20238,200股,-,0,0,全部成交,2024-09-05 14:00:00
2024-09-06,14:00:00,基金,银华日利(511880.XSHG),卖,市价单,-100股,101.204,-10120.4,-100股,-,3.13,0,全部成交,2024-09-06 14:00:00
2024-09-10,10:00:00,基金,银华日利(511880.XSHG),卖,市价单,-600股,101.202,-60721.2,-600股,-,17.59,0,全部成交,2024-09-10 10:00:00
2024-09-10,10:00:00,股票,日发精机(002520.XSHE),买,市价单,24400股,5.37,131028,24400股,-,0,32.76,全部成交,2024-09-10 10:00:00
2024-09-18,10:00:00,股票,日发精机(002520.XSHE),卖,市价单,-24400股,4.78,-116632,-24400股,-,-14396,145.79,全部成交,2024-09-18 10:00:00
2024-09-18,14:00:00,基金,银华日利(511880.XSHG),买,市价单,1100股,101.223,111345.3,1100股,-,0,0,全部成交,2024-09-18 14:00:00
2024-09-18,14:00:00,基金,银华日利(511880.XSHG),卖,市价单,-1000股,101.223,-101223,-1000股,-,0,0,全部成交,2024-09-18 14:00:00
2024-09-19,10:00:00,基金,银华日利(511880.XSHG),卖,市价单,-100股,101.226,-10122.6,-100股,-,0.3,0,全部成交,2024-09-19 10:00:00
2024-09-19,10:00:00,股票,日发精机(002520.XSHE),买,市价单,29100股,4,116400,29100股,-,0,29.1,全部成交,2024-09-19 10:00:00
2024-09-24,10:00:00,股票,日发精机(002520.XSHE),卖,市价单,-29100股,4.02,-116982,-29100股,-,582,146.23,全部成交,2024-09-24 10:00:00
2024-09-24,10:00:00,基金,银华日利(511880.XSHG),买,市价单,1100股,101.25,111375,1100股,-,0,0,全部成交,2024-09-24 10:00:00
2024-09-24,14:00:00,基金,银华日利(511880.XSHG),卖,市价单,-1000股,101.24,-101240,-1000股,-,-10,0,全部成交,2024-09-24 14:00:00
2024-09-25,14:00:00,基金,银华日利(511880.XSHG),买,市价单,900股,101.254,91128.6,900股,-,0,0,全部成交,2024-09-25 14:00:00
2024-09-26,14:00:00,基金,银华日利(511880.XSHG),卖,市价单,-800股,101.249,-80999.2,-800股,-,-3.68,0,全部成交,2024-09-26 14:00:00
2024-09-27,14:00:00,基金,银华日利(511880.XSHG),买,市价单,700股,101.205,70843.5,700股,-,0,0,全部成交,2024-09-27 14:00:00
2024-09-30,14:00:00,基金,银华日利(511880.XSHG),卖,市价单,-600股,101.274,-60764.4,-600股,-,34.92,0,全部成交,2024-09-30 14:00:00
2024-10-08,14:00:00,基金,银华日利(511880.XSHG),买,市价单,500股,101.299,50649.5,500股,-,0,0,全部成交,2024-10-08 14:00:00
2024-10-09,10:00:00,基金,银华日利(511880.XSHG),卖,市价单,-800股,101.308,-81046.4,-800股,-,32.16,0,全部成交,2024-10-09 10:00:00
2024-10-09,10:00:00,股票,世联行(002285.XSHE),买,市价单,46100股,2.54,117094,46100股,-,0,29.27,全部成交,2024-10-09 10:00:00
2024-10-10,10:00:00,股票,世联行(002285.XSHE),卖,市价单,-46100股,2.34,-107874,-46100股,-,-9220,134.84,全部成交,2024-10-10 10:00:00
2024-10-10,14:00:00,基金,银华日利(511880.XSHG),买,市价单,1000股,101.333,101333,1000股,-,0,0,全部成交,2024-10-10 14:00:00
2024-10-10,14:00:00,基金,银华日利(511880.XSHG),卖,市价单,-900股,101.333,-91199.7,-900股,-,0,0,全部成交,2024-10-10 14:00:00
2024-10-11,14:00:00,基金,银华日利(511880.XSHG),买,市价单,800股,101.423,81138.4,800股,-,0,0,全部成交,2024-10-11 14:00:00
2024-10-14,14:00:00,基金,银华日利(511880.XSHG),卖,市价单,-700股,101.45,-71015,-700股,-,25.9,0,全部成交,2024-10-14 14:00:00
2024-10-15,14:00:00,基金,银华日利(511880.XSHG),买,市价单,600股,101.38,60828,600股,-,0,0,全部成交,2024-10-15 14:00:00
2024-10-16,14:00:00,基金,银华日利(511880.XSHG),卖,市价单,-500股,101.337,-50668.5,-500股,-,-25.63,0,全部成交,2024-10-16 14:00:00
2024-10-17,14:00:00,基金,银华日利(511880.XSHG),买,市价单,400股,101.338,40535.2,400股,-,0,0,全部成交,2024-10-17 14:00:00
2024-10-18,14:00:00,基金,银华日利(511880.XSHG),卖,市价单,-300股,101.308,-30392.4,-300股,-,-15.46,0,全部成交,2024-10-18 14:00:00
2024-10-21,14:00:00,基金,银华日利(511880.XSHG),买,市价单,200股,101.348,20269.6,200股,-,0,0,全部成交,2024-10-21 14:00:00
2024-10-22,14:00:00,基金,银华日利(511880.XSHG),卖,市价单,-100股,101.351,-10135.1,-100股,-,-0.47,0,全部成交,2024-10-22 14:00:00
2024-11-05,10:00:00,基金,银华日利(511880.XSHG),卖,市价单,-500股,101.411,-50705.5,-500股,-,27.65,0,全部成交,2024-11-05 10:00:00
2024-11-05,10:00:00,股票,川润股份(002272.XSHE),买,市价单,4400股,12,52800,4400股,-,0,13.2,全部成交,2024-11-05 10:00:00
2024-11-05,10:00:00,股票,青岛金王(002094.XSHE),买,市价单,6400股,8.37,53568,6400股,-,0,13.39,全部成交,2024-11-05 10:00:00
2024-11-06,14:00:00,股票,青岛金王(002094.XSHE),卖,市价单,-6400股,9.8,-62720,-6400股,-,9152,78.4,全部成交,2024-11-06 14:00:00
2024-11-06,14:00:00,股票,川润股份(002272.XSHE),买,市价单,800股,12.19,9752,800股,-,0,5,全部成交,2024-11-06 14:00:00
2024-11-06,14:00:00,基金,银华日利(511880.XSHG),买,市价单,500股,101.416,50708,500股,-,0,0,全部成交,2024-11-06 14:00:00
2024-11-07,14:00:00,基金,银华日利(511880.XSHG),卖,市价单,-400股,101.413,-40565.2,-400股,-,-1.2,0,全部成交,2024-11-07 14:00:00
2024-11-08,14:00:00,基金,银华日利(511880.XSHG),买,市价单,300股,101.42,30426,300股,-,0,0,全部成交,2024-11-08 14:00:00
2024-11-11,14:00:00,基金,银华日利(511880.XSHG),卖,市价单,-200股,101.433,-20286.6,-200股,-,2.8,0,全部成交,2024-11-11 14:00:00
2024-11-12,10:00:00,股票,川润股份(002272.XSHE),卖,市价单,-5200股,11.86,-61672,-5200股,-,-880,77.09,全部成交,2024-11-12 10:00:00
2024-11-12,10:00:00,基金,银华日利(511880.XSHG),卖,市价单,-200股,101.438,-20287.6,-200股,-,3.8,0,全部成交,2024-11-12 10:00:00
2024-11-12,10:00:00,股票,蓝黛科技(002765.XSHE),买,市价单,5700股,10.04,57228,5700股,-,0,14.31,全部成交,2024-11-12 10:00:00
2024-11-12,10:00:00,股票,中化岩土(002542.XSHE),买,市价单,11500股,5.01,57615,11500股,-,0,14.4,全部成交,2024-11-12 10:00:00
2024-11-15,10:00:00,股票,蓝黛科技(002765.XSHE),卖,市价单,-5700股,8.77,-49989,-5700股,-,-7239,62.49,全部成交,2024-11-15 10:00:00
2024-11-15,10:00:00,股票,中化岩土(002542.XSHE),卖,市价单,-11500股,4.3,-49450,-11500股,-,-8165,61.81,全部成交,2024-11-15 10:00:00
2024-11-15,14:00:00,基金,银华日利(511880.XSHG),买,市价单,400股,101.449,40579.6,400股,-,0,0,全部成交,2024-11-15 14:00:00
2024-11-15,14:00:00,基金,银华日利(511880.XSHG),买,市价单,100股,101.449,10144.9,100股,-,0,0,全部成交,2024-11-15 14:00:00
2024-11-19,10:00:00,基金,银华日利(511880.XSHG),卖,市价单,-500股,101.451,-50725.5,-500股,-,1,0,全部成交,2024-11-19 10:00:00
2024-11-19,10:00:00,股票,金财互联(002530.XSHE),买,市价单,10700股,9.3,99510,10700股,-,0,24.88,全部成交,2024-11-19 10:00:00
2024-11-26,10:00:00,股票,金财互联(002530.XSHE),卖,市价单,-10700股,8.29,-88703,-10700股,-,-10807,110.88,全部成交,2024-11-26 10:00:00
2024-11-26,10:00:00,股票,泰坦股份(003036.XSHE),买,市价单,1400股,12.26,17164,1400股,-,0,5,全部成交,2024-11-26 10:00:00
2024-11-26,10:00:00,股票,海宁皮城(002344.XSHE),买,市价单,3300股,5.35,17655,3300股,-,0,5,全部成交,2024-11-26 10:00:00
2024-11-26,10:00:00,股票,三维化学(002469.XSHE),买,市价单,1500股,11.78,17670,1500股,-,0,5,全部成交,2024-11-26 10:00:00
2024-11-26,10:00:00,股票,竞业达(003005.XSHE),买,市价单,500股,31.34,15670,500股,-,0,5,全部成交,2024-11-26 10:00:00
2024-11-26,10:00:00,股票,爱仕达(002403.XSHE),买,市价单,1100股,15.17,16687,1100股,-,0,5,全部成交,2024-11-26 10:00:00
2024-11-27,10:00:00,股票,泰坦股份(003036.XSHE),卖,市价单,-0股,--,0,-1400股,-,0,0,已撤单,2024-11-27 10:00:00
2024-11-27,10:00:00,股票,三维化学(002469.XSHE),卖,市价单,-0股,--,0,-1500股,-,0,0,已撤单,2024-11-27 10:00:00
2024-11-27,10:00:00,股票,爱仕达(002403.XSHE),卖,市价单,-0股,--,0,-1100股,-,0,0,已撤单,2024-11-27 10:00:00
2024-11-28,10:00:00,股票,泰坦股份(003036.XSHE),卖,市价单,-1400股,10.81,-15134,-1400股,-,-2030,20.13,全部成交,2024-11-28 10:00:00
2024-11-28,10:00:00,股票,三维化学(002469.XSHE),卖,市价单,-1500股,9.57,-14355,-1500股,-,-3315,19.36,全部成交,2024-11-28 10:00:00
2024-11-28,14:00:00,基金,银华日利(511880.XSHG),买,市价单,100股,101.493,10149.3,100股,-,0,0,全部成交,2024-11-28 14:00:00
2024-11-28,14:00:00,基金,银华日利(511880.XSHG),买,市价单,100股,101.493,10149.3,100股,-,0,0,全部成交,2024-11-28 14:00:00
2024-11-29,10:00:00,股票,海宁皮城(002344.XSHE),卖,市价单,-3300股,4.72,-15576,-3300股,-,-2079,20.58,全部成交,2024-11-29 10:00:00
2024-11-29,10:00:00,股票,爱仕达(002403.XSHE),卖,市价单,-1100股,12.29,-13519,-1100股,-,-3168,18.52,全部成交,2024-11-29 10:00:00
2024-11-29,14:00:00,基金,银华日利(511880.XSHG),买,市价单,200股,101.495,20299,200股,-,0,0,全部成交,2024-11-29 14:00:00
2024-12-02,14:00:00,基金,银华日利(511880.XSHG),卖,市价单,-100股,101.506,-10150.6,-100股,-,1.2,0,全部成交,2024-12-02 14:00:00
2024-12-03,10:00:00,股票,竞业达(003005.XSHE),卖,市价单,-500股,30.13,-15065,-500股,-,-605,20.06,全部成交,2024-12-03 10:00:00
2024-12-03,14:00:00,基金,银华日利(511880.XSHG),买,市价单,100股,101.515,10151.5,100股,-,0,0,全部成交,2024-12-03 14:00:00
2024-12-17,10:00:00,基金,银华日利(511880.XSHG),卖,市价单,-400股,101.562,-40624.8,-400股,-,25.1,0,全部成交,2024-12-17 10:00:00
2024-12-17,10:00:00,股票,广百股份(002187.XSHE),买,市价单,3500股,7.37,25795,3500股,-,0,6.45,全部成交,2024-12-17 10:00:00
2024-12-17,10:00:00,股票,东方智造(002175.XSHE),买,市价单,4000股,6.5,26000,4000股,-,0,6.5,全部成交,2024-12-17 10:00:00
2024-12-17,10:00:00,股票,建设工业(002265.XSHE),买,市价单,1100股,22.88,25168,1100股,-,0,6.29,全部成交,2024-12-17 10:00:00
2024-12-20,10:00:00,股票,东方智造(002175.XSHE),卖,市价单,-4000股,5.79,-23160,-4000股,-,-2840,28.95,全部成交,2024-12-20 10:00:00
2024-12-20,10:00:00,股票,建设工业(002265.XSHE),卖,市价单,-1100股,20.74,-22814,-1100股,-,-2354,28.52,全部成交,2024-12-20 10:00:00
2024-12-20,14:00:00,基金,银华日利(511880.XSHG),买,市价单,200股,101.576,20315.2,200股,-,0,0,全部成交,2024-12-20 14:00:00
2024-12-23,10:00:00,股票,广百股份(002187.XSHE),卖,市价单,-3500股,6.29,-22015,-3500股,-,-3780,27.52,全部成交,2024-12-23 10:00:00
2024-12-23,14:00:00,基金,银华日利(511880.XSHG),买,市价单,200股,101.579,20315.8,200股,-,0,0,全部成交,2024-12-23 14:00:00
2024-12-23,14:00:00,基金,银华日利(511880.XSHG),卖,市价单,-100股,101.579,-10157.9,-100股,-,0.15,0,全部成交,2024-12-23 14:00:00
2024-12-24,10:00:00,基金,银华日利(511880.XSHG),卖,市价单,-300股,101.577,-30473.1,-300股,-,-0.15,0,全部成交,2024-12-24 10:00:00
2024-12-24,10:00:00,股票,粤传媒(002181.XSHE),买,市价单,9300股,7.38,68634,9300股,-,0,17.16,全部成交,2024-12-24 10:00:00
2024-12-25,10:00:00,股票,粤传媒(002181.XSHE),卖,市价单,-0股,--,0,-9300股,-,0,0,已撤单,2024-12-25 10:00:00
2024-12-26,10:00:00,股票,粤传媒(002181.XSHE),卖,市价单,-9300股,6.46,-60078,-9300股,-,-8556,75.1,全部成交,2024-12-26 10:00:00
2024-12-26,14:00:00,基金,银华日利(511880.XSHG),买,市价单,500股,101.587,50793.5,500股,-,0,0,全部成交,2024-12-26 14:00:00
2024-12-26,14:00:00,基金,银华日利(511880.XSHG),卖,市价单,-400股,101.587,-40634.8,-400股,-,0,0,全部成交,2024-12-26 14:00:00
2024-12-27,14:00:00,基金,银华日利(511880.XSHG),买,市价单,300股,101.602,30480.6,300股,-,0,0,全部成交,2024-12-27 14:00:00
2024-12-30,14:00:00,基金,银华日利(511880.XSHG),卖,市价单,-200股,101.601,-20320.2,-200股,-,0.55,0,全部成交,2024-12-30 14:00:00
2024-12-31,10:00:00,基金,银华日利(511880.XSHG),卖,市价单,-200股,100.066,-20013.2,-200股,-,3.97,0,全部成交,2024-12-31 10:00:00
2024-12-31,10:00:00,股票,沃华医药(002107.XSHE),买,市价单,6300股,4.78,30114,6300股,-,0,7.53,全部成交,2024-12-31 10:00:00
2024-12-31,10:00:00,股票,实益达(002137.XSHE),买,市价单,3300股,8.99,29667,3300股,-,0,7.42,全部成交,2024-12-31 10:00:00
2025-01-02,14:50:00,股票,沃华医药(002107.XSHE),卖,市价单,-6300股,4.5,-28350,-6300股,-,-1764,35.44,全部成交,2025-01-02 14:50:00
2025-01-02,14:50:00,股票,实益达(002137.XSHE),卖,市价单,-3300股,8.8,-29040,-3300股,-,-627,36.3,全部成交,2025-01-02 14:50:00
2025-01-07,10:00:00,基金,银华日利(511880.XSHG),买,市价单,500股,100.085,50042.5,500股,-,0,0,全部成交,2025-01-07 10:00:00
2025-01-14,10:00:00,基金,银华日利(511880.XSHG),卖,市价单,-400股,100.1,-40040,-400股,-,6,0,全部成交,2025-01-14 10:00:00
2025-01-21,10:00:00,基金,银华日利(511880.XSHG),买,市价单,300股,100.122,30036.6,300股,-,0,0,全部成交,2025-01-21 10:00:00
2025-01-27,10:00:00,基金,银华日利(511880.XSHG),卖,市价单,-200股,100.182,-20036.4,-200股,-,13.85,0,全部成交,2025-01-27 10:00:00
2025-02-05,14:00:00,基金,银华日利(511880.XSHG),买,市价单,100股,100.187,10018.7,100股,-,0,0,全部成交,2025-02-05 14:00:00
2025-02-18,10:00:00,基金,银华日利(511880.XSHG),卖,市价单,-300股,100.234,-30070.2,-300股,-,28.95,0,全部成交,2025-02-18 10:00:00
2025-02-18,10:00:00,股票,梦网科技(002123.XSHE),买,市价单,3100股,18.51,57381,3100股,-,0,14.35,全部成交,2025-02-18 10:00:00
2025-02-25,10:00:00,股票,梦网科技(002123.XSHE),卖,市价单,-3100股,17.65,-54715,-3100股,-,-2666,68.39,全部成交,2025-02-25 10:00:00
2025-02-25,10:00:00,基金,银华日利(511880.XSHG),买,市价单,500股,100.25,50125,500股,-,0,0,全部成交,2025-02-25 10:00:00
2025-02-25,14:00:00,基金,银华日利(511880.XSHG),卖,市价单,-400股,100.249,-40099.6,-400股,-,-0.4,0,全部成交,2025-02-25 14:00:00
2025-02-26,14:00:00,基金,银华日利(511880.XSHG),买,市价单,300股,100.249,30074.7,300股,-,0,0,全部成交,2025-02-26 14:00:00
2025-02-27,14:00:00,基金,银华日利(511880.XSHG),卖,市价单,-200股,100.256,-20051.2,-200股,-,1.35,0,全部成交,2025-02-27 14:00:00
2025-02-28,14:00:00,基金,银华日利(511880.XSHG),买,市价单,100股,100.268,10026.8,100股,-,0,0,全部成交,2025-02-28 14:00:00
2025-06-24,10:00:00,基金,银华日利(511880.XSHG),卖,市价单,-300股,100.637,-30191.1,-300股,-,114.45,0,全部成交,2025-06-24 10:00:00
2025-06-24,10:00:00,股票,贝肯能源(002828.XSHE),买,市价单,2300股,11.76,27048,2300股,-,0,6.76,全部成交,2025-06-24 10:00:00
2025-06-24,10:00:00,股票,惠博普(002554.XSHE),买,市价单,9500股,2.9,27550,9500股,-,0,6.89,全部成交,2025-06-24 10:00:00
2025-06-26,10:00:00,股票,贝肯能源(002828.XSHE),卖,市价单,-2300股,10.52,-24196,-2300股,-,-2852,30.24,全部成交,2025-06-26 10:00:00
2025-06-26,14:00:00,基金,银华日利(511880.XSHG),买,市价单,200股,100.644,20128.8,200股,-,0,0,全部成交,2025-06-26 14:00:00
2025-06-26,14:00:00,基金,银华日利(511880.XSHG),卖,市价单,-100股,100.644,-10064.4,-100股,-,0,0,全部成交,2025-06-26 14:00:00
2025-07-01,10:00:00,股票,惠博普(002554.XSHE),卖,市价单,-9500股,2.8,-26600,-9500股,-,-950,33.25,全部成交,2025-07-01 10:00:00
2025-07-01,14:00:00,基金,银华日利(511880.XSHG),买,市价单,300股,100.668,30200.4,300股,-,0,0,全部成交,2025-07-01 14:00:00
2025-07-02,14:00:00,基金,银华日利(511880.XSHG),卖,市价单,-200股,100.67,-20134,-200股,-,1.6,0,全部成交,2025-07-02 14:00:00
2025-07-03,14:00:00,基金,银华日利(511880.XSHG),买,市价单,100股,100.674,10067.4,100股,-,0,0,全部成交,2025-07-03 14:00:00
2025-07-15,10:00:00,基金,银华日利(511880.XSHG),卖,市价单,-300股,100.704,-30211.2,-300股,-,11.4,0,全部成交,2025-07-15 10:00:00
2025-07-15,10:00:00,股票,精艺股份(002295.XSHE),买,市价单,1600股,10.53,16848,1600股,-,0,5,全部成交,2025-07-15 10:00:00
2025-07-15,10:00:00,股票,兴民智通(002355.XSHE),买,市价单,2400股,6.9,16560,2400股,-,0,5,全部成交,2025-07-15 10:00:00
2025-07-15,10:00:00,股票,通鼎互联(002491.XSHE),买,市价单,3300股,5.17,17061,3300股,-,0,5,全部成交,2025-07-15 10:00:00
2025-07-22,10:00:00,股票,精艺股份(002295.XSHE),卖,市价单,-1600股,9.74,-15584,-1600股,-,-1264,20.58,全部成交,2025-07-22 10:00:00
2025-07-22,10:00:00,股票,兴民智通(002355.XSHE),卖,市价单,-2400股,6.42,-15408,-2400股,-,-1152,20.41,全部成交,2025-07-22 10:00:00
2025-07-22,10:00:00,股票,通鼎互联(002491.XSHE),卖,市价单,-3300股,4.97,-16401,-3300股,-,-660,21.4,全部成交,2025-07-22 10:00:00
2025-07-22,10:00:00,基金,银华日利(511880.XSHG),买,市价单,400股,100.719,40287.6,400股,-,0,0,全部成交,2025-07-22 10:00:00
2025-07-22,14:00:00,基金,银华日利(511880.XSHG),卖,市价单,-300股,100.719,-30215.7,-300股,-,0,0,全部成交,2025-07-22 14:00:00
2025-07-23,14:00:00,基金,银华日利(511880.XSHG),买,市价单,200股,100.723,20144.6,200股,-,0,0,全部成交,2025-07-23 14:00:00
2025-07-24,14:00:00,基金,银华日利(511880.XSHG),卖,市价单,-100股,100.733,-10073.3,-100股,-,1.13,0,全部成交,2025-07-24 14:00:00
2025-08-12,10:00:00,基金,银华日利(511880.XSHG),卖,市价单,-200股,100.776,-20155.2,-200股,-,10.87,0,全部成交,2025-08-12 10:00:00
2025-08-12,10:00:00,股票,煌上煌(002695.XSHE),买,市价单,3300股,14.35,47355,3300股,-,0,11.84,全部成交,2025-08-12 10:00:00
2025-08-15,10:00:00,股票,煌上煌(002695.XSHE),卖,市价单,-3300股,13.04,-43032,-3300股,-,-4323,53.79,全部成交,2025-08-15 10:00:00
2025-08-15,14:00:00,基金,银华日利(511880.XSHG),买,市价单,400股,100.8,40320,400股,-,0,0,全部成交,2025-08-15 14:00:00
2025-08-15,14:00:00,基金,银华日利(511880.XSHG),卖,市价单,-300股,100.8,-30240,-300股,-,0,0,全部成交,2025-08-15 14:00:00
2025-08-18,14:00:00,基金,银华日利(511880.XSHG),买,市价单,200股,100.799,20159.8,200股,-,0,0,全部成交,2025-08-18 14:00:00
2025-08-19,14:00:00,基金,银华日利(511880.XSHG),卖,市价单,-100股,100.798,-10079.8,-100股,-,-0.13,0,全部成交,2025-08-19 14:00:00
2025-11-18,10:00:00,基金,银华日利(511880.XSHG),卖,市价单,-200股,101.075,-20215,-200股,-,55.13,0,全部成交,2025-11-18 10:00:00
2025-11-18,10:00:00,股票,锋龙股份(002931.XSHE),买,市价单,2300股,18.41,42343,2300股,-,0,10.59,全部成交,2025-11-18 10:00:00
2025-11-25,10:00:00,股票,锋龙股份(002931.XSHE),卖,市价单,-2300股,17.76,-40848,-2300股,-,-1495,51.06,全部成交,2025-11-25 10:00:00
2025-11-25,10:00:00,基金,银华日利(511880.XSHG),买,市价单,400股,101.101,40440.4,400股,-,0,0,全部成交,2025-11-25 10:00:00
2025-11-25,14:00:00,基金,银华日利(511880.XSHG),卖,市价单,-300股,101.1,-30330,-300股,-,-0.3,0,全部成交,2025-11-25 14:00:00
2025-11-26,14:00:00,基金,银华日利(511880.XSHG),买,市价单,200股,101.107,20221.4,200股,-,0,0,全部成交,2025-11-26 14:00:00
2025-11-27,14:00:00,基金,银华日利(511880.XSHG),卖,市价单,-100股,101.108,-10110.8,-100股,-,0.3,0,全部成交,2025-11-27 14:00:00
2025-12-30,10:00:00,基金,银华日利(511880.XSHG),卖,市价单,-200股,101.189,-20237.8,-200股,-,16.8,0,全部成交,2025-12-30 10:00:00
2025-12-30,10:00:00,股票,汇洁股份(002763.XSHE),买,市价单,1800股,7.79,14022,1800股,-,0,5,全部成交,2025-12-30 10:00:00
2025-12-30,10:00:00,股票,合兴包装(002228.XSHE),买,市价单,2700股,5.13,13851,2700股,-,0,5,全部成交,2025-12-30 10:00:00
2025-12-30,10:00:00,股票,昇兴股份(002752.XSHE),买,市价单,1900股,7.14,13566,1900股,-,0,5,全部成交,2025-12-30 10:00:00
2026-01-05,10:00:00,股票,合兴包装(002228.XSHE),卖,市价单,-2700股,4.63,-12501,-2700股,-,-1350,17.5,全部成交,2026-01-05 10:00:00
2026-01-05,14:50:00,股票,汇洁股份(002763.XSHE),卖,市价单,-1800股,7.28,-13104,-1800股,-,-918,18.1,全部成交,2026-01-05 14:50:00
2026-01-05,14:50:00,股票,昇兴股份(002752.XSHE),卖,市价单,-1900股,6.99,-13281,-1900股,-,-285,18.28,全部成交,2026-01-05 14:50:00
2026-01-06,10:00:00,基金,银华日利(511880.XSHG),买,市价单,300股,100.049,30014.7,300股,-,0,0,全部成交,2026-01-06 10:00:00
2026-01-13,10:00:00,基金,银华日利(511880.XSHG),卖,市价单,-200股,100.074,-20014.8,-200股,-,5,0,全部成交,2026-01-13 10:00:00
2026-01-20,10:00:00,基金,银华日利(511880.XSHG),买,市价单,100股,100.108,10010.8,100股,-,0,0,全部成交,2026-01-20 10:00:00
2026-02-03,10:00:00,基金,银华日利(511880.XSHG),卖,市价单,-200股,100.143,-20028.6,-200股,-,12.9,0,全部成交,2026-02-03 10:00:00
2026-02-03,10:00:00,股票,湖南白银(002716.XSHE),买,市价单,2500股,15.43,38575,2500股,-,0,9.64,全部成交,2026-02-03 10:00:00
2026-02-06,10:00:00,股票,湖南白银(002716.XSHE),卖,市价单,-2500股,12.9,-32250,-2500股,-,-6325,40.31,全部成交,2026-02-06 10:00:00
2026-02-06,14:00:00,基金,银华日利(511880.XSHG),买,市价单,300股,100.164,30049.2,300股,-,0,0,全部成交,2026-02-06 14:00:00
2026-02-06,14:00:00,基金,银华日利(511880.XSHG),卖,市价单,-200股,100.164,-20032.8,-200股,-,0,0,全部成交,2026-02-06 14:00:00
2026-02-09,14:00:00,基金,银华日利(511880.XSHG),买,市价单,100股,100.16,10016,100股,-,0,0,全部成交,2026-02-09 14:00:00
