策略名称,回测开始,回测结束,本金,回测耗时,策略收益,策略年化收益,超额收益,基准收益,阿尔法,贝塔,夏普比率,胜率,盈亏比,最大回撤,索提诺比率,日均超额收益,超额收益最大回撤,超额收益夏普比率,日胜率,盈利次数,亏损次数,信息比率,策略波动率,基准波动率,最大回撤区间,综合分,夏普分,回撤分,信息比率分,年化分,胜率分,盈亏比分,交易次数分,阿尔法分,索提诺分,下单时段分,打分细节
2025_origin_py/62基金溢价（模拟效果好！）,2023/9/1,2026/2/21,200000,17分59秒,1591.04%,228.12%,1266.24%,23.77%,2.219,0.417,7.809,0.689,2.889,12.00%,15.814,0.46%,18.11%,6.628,0.555,182,82,7.394,0.287,0.176,"2025/03/12,2025/04/07",86.3,100,88,100,100,92,90,92,100,100,0,夏普:100 回撤:88 信息比率:100 年化:100 胜率:92 盈亏比:90 交易次数:92 阿尔法:100 索提诺:100 下单时段:0
2025_origin_py/13首板高开-低开-弱转强混合策略（今年收益1138.61）,2023/9/1,2026/2/21,200000,21分08秒,1056.30%,179.68%,834.21%,23.77%,1.738,0.356,2.834,0.61,1.451,45.75%,5.293,0.45%,54.47%,2.429,0.521,186,119,2.716,0.62,0.176,"2024/08/30,2024/10/22",70.7,93,30,100,90,88,45,100,100,100,0,夏普:93 回撤:30 信息比率:100 年化:90 胜率:88 盈亏比:45 交易次数:100 阿尔法:100 索提诺:100 下单时段:0
2025_origin_py/16集合竞价三合一，今年收益1067,2023/9/1,2026/2/21,200000,72分26秒,968.37%,170.54%,763.16%,23.77%,1.644,0.408,2.71,0.648,1.415,42.21%,4.953,0.44%,51.50%,2.324,0.513,169,92,2.603,0.615,0.176,"2024/08/30,2024/10/22",70.0,92,30,100,90,88,45,92,100,100,0,夏普:92 回撤:30 信息比率:100 年化:90 胜率:88 盈亏比:45 交易次数:92 阿尔法:100 索提诺:100 下单时段:0
2025_origin_py/43小市值再优化【年化98 回撤27】无未来函数,2023/9/1,2026/2/21,200000,03分09秒,547.67%,119.23%,395.01%,30.84%,1.086,0.832,3.47,0.711,4.016,16.14%,5.253,0.29%,15.80%,3.002,0.548,150,61,3.517,0.332,0.161,"2025/11/17,2025/12/12",92.4,97,78,100,80,88,100,92,100,100,100,夏普:97 回撤:78 信息比率:100 年化:80 胜率:88 盈亏比:100 交易次数:92 阿尔法:100 索提诺:100 下单时段:100
2025_origin_py/25冷饭热吃之三，14年至今年华99.99,2023/9/1,2026/2/21,200000,03分33秒,501.04%,112.46%,359.37%,30.84%,1.015,0.872,3.284,0.7,2.992,19.81%,4.745,0.27%,17.54%,2.856,0.555,149,64,3.354,0.33,0.161,"2024/05/29,2024/06/24",91.9,96,78,100,80,92,90,92,100,100,100,夏普:96 回撤:78 信息比率:100 年化:80 胜率:92 盈亏比:90 交易次数:92 阿尔法:100 索提诺:100 下单时段:100
2025_origin_py/83大小外择时小市值,2023/9/1,2026/2/21,200000,,496.40%,111.77%,381.85%,23.77%,1.038,0.734,4.002,0.613,3.706,20.99%,5.701,0.28%,18.43%,3.715,0.551,265,167,4.251,0.269,0.176,"2024/12/12,2025/04/07",81.0,100,65,100,80,88,100,100,100,100,0,夏普:100 回撤:65 信息比率:100 年化:80 胜率:88 盈亏比:100 交易次数:100 阿尔法:100 索提诺:100 下单时段:0
2025_origin_py/44国九条 年化130.74% 回撤11% 众神Debug版,2023/9/1,2026/2/21,200000,02分56秒,494.09%,111.42%,332.94%,37.22%,1.007,0.661,3.286,0.724,3.519,21.58%,5.168,0.26%,21.12%,2.675,0.531,165,63,3.22,0.327,0.221,"2024/05/20,2024/07/24",89.9,96,65,100,80,88,100,92,100,100,100,夏普:96 回撤:65 信息比率:100 年化:80 胜率:88 盈亏比:100 交易次数:92 阿尔法:100 索提诺:100 下单时段:100
2025_origin_py/64大小外择时小市值3.0,2023/9/1,2026/2/21,200000,00分42秒,489.15%,110.68%,375.99%,23.77%,1.026,0.759,3.772,0.639,3.061,22.63%,5.444,0.28%,18.46%,3.5,0.551,258,146,4.006,0.283,0.176,"2024/12/12,2025/04/07",80.8,99,65,100,80,88,100,100,100,100,0,夏普:99 回撤:65 信息比率:100 年化:80 胜率:88 盈亏比:100 交易次数:100 阿尔法:100 索提诺:100 下单时段:0
2025_origin_py/76小市值止损策略【年化104.11】,2023/9/1,2026/2/21,200000,03分20秒,410.64%,98.39%,290.28%,30.84%,0.865,0.996,2.6,0.558,2.109,26.28%,3.707,0.25%,28.08%,2.247,0.556,129,102,2.654,0.363,0.161,"2024/04/03,2024/06/24",84.3,91,55,100,70,82,80,92,100,100,100,夏普:91 回撤:55 信息比率:100 年化:70 胜率:82 盈亏比:80 交易次数:92 阿尔法:100 索提诺:100 下单时段:100
2025_origin_py/8国九条后中小板微盘小改，年化135.40,2023/9/1,2026/2/21,200000,03分08秒,340.68%,86.48%,221.14%,37.22%,0.752,0.715,2.431,0.743,2.853,21.24%,3.39,0.22%,19.69%,1.921,0.528,179,62,2.354,0.339,0.221,"2024/12/16,2025/01/27",84.6,89,65,90,70,88,90,92,85,100,100,夏普:89 回撤:65 信息比率:90 年化:70 胜率:88 盈亏比:90 交易次数:92 阿尔法:85 索提诺:100 下单时段:100
2025_origin_py/15小市值排除3个bug版，22年至今收益506,2023/9/1,2026/2/21,200000,,340.64%,86.48%,221.11%,37.22%,0.754,0.69,2.425,0.754,3.602,18.22%,3.416,0.22%,19.69%,1.895,0.543,126,41,2.319,0.34,0.221,"2024/05/29,2024/07/25",86.4,88,78,90,70,75,100,88,85,100,100,夏普:88 回撤:78 信息比率:90 年化:70 胜率:75 盈亏比:100 交易次数:88 阿尔法:85 索提诺:100 下单时段:100
2025_origin_py/34十年回测 年化103.32% 最大回撤23.89%,2023/9/1,2026/2/21,200000,03分05秒,271.86%,73.64%,184.21%,30.84%,0.623,0.928,2.074,0.57,2.038,33.24%,2.981,0.19%,30.67%,1.697,0.534,102,77,2.049,0.336,0.161,"2024/03/21,2024/06/24",76.4,81,45,90,55,82,80,88,85,92,100,夏普:81 回撤:45 信息比率:90 年化:55 胜率:82 盈亏比:80 交易次数:88 阿尔法:85 索提诺:92 下单时段:100
2025_origin_py/47多策略整合大E小十年百倍（年化64）,2023/9/1,2026/2/21,200000,02分19秒,268.87%,73.05%,131.83%,59.11%,0.638,0.299,3.044,0.581,3.472,11.36%,4.553,0.16%,33.91%,1.21,0.558,97,70,1.618,0.227,0.352,"2025/11/14,2025/12/12",78.2,95,92,80,55,82,100,88,85,100,0,夏普:95 回撤:92 信息比率:80 年化:55 胜率:82 盈亏比:100 交易次数:88 阿尔法:85 索提诺:100 下单时段:0
2025_origin_py/28韶华研究之十九，一致性用在微盘控制回撤,2023/9/1,2026/2/21,200000,12分39秒,252.59%,69.80%,170.63%,30.28%,0.604,0.7,2.39,0.631,3.367,21.79%,3.238,0.18%,18.03%,1.874,0.531,82,48,2.27,0.275,0.161,"2024/05/29,2024/06/24",73.2,88,65,90,55,88,100,82,85,100,0,夏普:88 回撤:65 信息比率:90 年化:55 胜率:88 盈亏比:100 交易次数:82 阿尔法:85 索提诺:100 下单时段:0
2025_origin_py/79国九条-新的红利因子，修正「审计意见」函数,2023/9/1,2026/2/21,200000,03分08秒,246.08%,68.48%,152.21%,37.22%,0.587,0.569,2.249,0.708,2.973,16.18%,3.088,0.17%,19.32%,1.579,0.536,109,45,1.975,0.287,0.221,"2024/12/12,2024/12/25",82.5,85,78,80,55,88,90,88,70,100,100,夏普:85 回撤:78 信息比率:80 年化:55 胜率:88 盈亏比:90 交易次数:88 阿尔法:70 索提诺:100 下单时段:100
2025_origin_py/6国九小市值策略【年化100.5】,2023/9/1,2026/2/21,200000,03分01秒,229.08%,64.95%,139.81%,37.22%,0.541,0.671,2.033,0.735,2.902,18.38%,2.756,0.16%,19.26%,1.485,0.523,108,39,1.875,0.3,0.221,"2024/05/29,2024/07/24",80.9,81,78,80,55,88,90,82,70,92,100,夏普:81 回撤:78 信息比率:80 年化:55 胜率:88 盈亏比:90 交易次数:82 阿尔法:70 索提诺:92 下单时段:100
2025_origin_py/5四大搅屎棍策略,2023/9/1,2026/2/21,200000,03分26秒,217.91%,62.58%,138.52%,33.29%,0.539,0.524,2.553,0.669,3.797,16.57%,3.598,0.16%,17.82%,1.772,0.545,212,105,2.213,0.229,0.208,"2025/11/17,2025/12/16",76.6,91,78,90,55,92,100,100,70,100,0,夏普:91 回撤:78 信息比率:90 年化:55 胜率:92 盈亏比:100 交易次数:100 阿尔法:70 索提诺:100 下单时段:0
2025_origin_py/9干积分-量化策略简易框架,2023/9/1,2026/2/21,200000,00分27秒,207.89%,60.40%,148.76%,23.77%,0.523,0.761,2.229,0.667,3.388,22.82%,2.915,0.16%,19.00%,1.951,0.563,102,51,2.332,0.253,0.176,"2024/12/12,2025/01/10",72.0,85,65,90,55,92,100,88,70,92,0,夏普:85 回撤:65 信息比率:90 年化:55 胜率:92 盈亏比:100 交易次数:88 阿尔法:70 索提诺:92 下单时段:0
2025_origin_py/51“四大搅屎棍策略”学习笔记-有魔改,2023/9/1,2026/2/21,200000,,206.12%,60.01%,129.67%,33.29%,0.48,0.902,1.713,0.65,2.179,26.01%,2.291,0.15%,22.93%,1.409,0.545,139,75,1.758,0.327,0.208,"2024/01/04,2024/02/05",64.2,71,55,80,55,88,80,92,70,85,0,夏普:71 回撤:55 信息比率:80 年化:55 胜率:88 盈亏比:80 交易次数:92 阿尔法:70 索提诺:85 下单时段:0
2025_origin_py/99韶华研究之二十，竞价异动,2023/9/1,2026/2/21,200000,13分16秒,203.26%,59.38%,132.77%,30.28%,0.493,0.784,0.852,0.458,1.227,49.38%,1.379,0.22%,51.36%,0.605,0.477,189,224,0.746,0.65,0.161,"2024/05/30,2024/10/11",42.5,39,30,45,55,60,45,100,70,55,0,夏普:39 回撤:30 信息比率:45 年化:55 胜率:60 盈亏比:45 交易次数:100 阿尔法:70 索提诺:55 下单时段:0
2025_origin_py/54发一个学习策略5年70倍，思路可以学习,2023/9/1,2026/2/21,200000,31分47秒,185.88%,55.48%,97.70%,44.61%,0.473,0.331,2.175,0.591,1.769,23.02%,2.782,0.13%,28.35%,1.072,0.518,518,358,1.415,0.237,0.236,"2023/12/21,2024/04/16",66.0,84,65,65,55,82,65,100,70,92,0,夏普:84 回撤:65 信息比率:65 年化:55 胜率:82 盈亏比:65 交易次数:100 阿尔法:70 索提诺:92 下单时段:0
2024_1_origin_py/28.正黄旗大妈选股法，修改版，年化92%,2023/9/1,2026/2/21,200000,01分06秒,172.80%,52.45%,88.65%,44.61%,0.383,0.792,1.409,0.75,5.761,38.92%,1.742,0.12%,37.80%,0.914,0.571,60,20,1.22,0.344,0.236,"2024/01/04,2024/02/07",57.0,61,45,65,55,88,100,72,50,72,0,夏普:61 回撤:45 信息比率:65 年化:55 胜率:88 盈亏比:100 交易次数:72 阿尔法:50 索提诺:72 下单时段:0
2024_1_origin_py/23.wywy1995大神机器学习策略年化提升35pt,2023/9/1,2026/2/21,200000,06分06秒,165.32%,50.68%,114.36%,23.77%,0.419,0.892,1.273,0.651,2.354,45.72%,1.618,0.15%,46.33%,1.02,0.565,196,105,1.245,0.367,0.176,"2023/12/04,2024/02/07",54.3,56,30,65,55,92,80,100,70,72,0,夏普:56 回撤:30 信息比率:65 年化:55 胜率:92 盈亏比:80 交易次数:100 阿尔法:70 索提诺:72 下单时段:0
2025_origin_py/19机器学习线性回归小市值,2023/9/1,2026/2/21,200000,09分00秒,158.37%,49.01%,78.67%,44.61%,0.348,0.797,1.207,0.61,2.065,38.10%,1.506,0.12%,38.62%,0.728,0.55,119,76,0.99,0.373,0.236,"2024/01/18,2024/02/07",50.1,53,45,45,35,88,80,88,50,72,0,夏普:53 回撤:45 信息比率:45 年化:35 胜率:88 盈亏比:80 交易次数:88 阿尔法:50 索提诺:72 下单时段:0
2025_origin_py/70动态保形回归小市值策略改进,2023/9/1,2026/2/21,200000,12分08秒,151.07%,47.22%,102.84%,23.77%,0.389,0.809,1.371,0.535,2.738,22.43%,1.965,0.13%,19.86%,1.08,0.508,38,33,1.335,0.315,0.176,"2024/12/11,2025/01/03",66.1,60,65,65,35,72,90,60,50,72,100,夏普:60 回撤:65 信息比率:65 年化:35 胜率:72 盈亏比:90 交易次数:60 阿尔法:50 索提诺:72 下单时段:100
2024_1_origin_py/2.“7年40倍”策略扩容到50只,2023/9/1,2026/2/21,200000,03分56秒,146.96%,46.21%,70.78%,44.61%,0.316,0.83,1.237,0.673,3.064,45.19%,1.433,0.11%,43.29%,0.757,0.582,836,407,1.043,0.341,0.236,"2024/01/02,2024/02/07",51.7,54,30,65,35,92,100,100,50,55,0,夏普:54 回撤:30 信息比率:65 年化:35 胜率:92 盈亏比:100 交易次数:100 阿尔法:50 索提诺:55 下单时段:0
2025_origin_py/17多品种ETF动量轮动+EPO优化,2023/9/1,2026/2/21,200000,00分15秒,144.10%,45.49%,97.22%,23.77%,0.39,0.471,1.657,0.721,5.468,15.72%,2.204,0.13%,26.22%,1.149,0.539,31,12,1.422,0.25,0.176,"2025/03/06,2025/04/07",62.4,70,78,65,35,88,100,45,50,85,0,夏普:70 回撤:78 信息比率:65 年化:35 胜率:88 盈亏比:100 交易次数:45 阿尔法:50 索提诺:85 下单时段:0
2024_2_origin_py/17.科技与狠活,2023/9/1,2026/2/21,200000,01分57秒,142.35%,45.05%,67.59%,44.61%,0.308,0.802,1.056,0.613,2.581,45.86%,1.29,0.11%,46.35%,0.595,0.539,138,87,0.825,0.389,0.236,"2024/01/16,2024/02/07",56.1,47,30,45,35,88,90,92,50,55,100,夏普:47 回撤:30 信息比率:45 年化:35 胜率:88 盈亏比:90 交易次数:92 阿尔法:50 索提诺:55 下单时段:100
2024_1_origin_py/29.高增股池小市值轮动,2023/9/1,2026/2/21,200000,01分31秒,141.38%,44.81%,95.02%,23.77%,0.361,0.88,1.282,0.686,2.986,42.80%,1.647,0.13%,42.74%,1.017,0.543,168,77,1.27,0.318,0.176,"2024/01/04,2024/02/07",51.9,56,30,65,35,92,90,92,50,72,0,夏普:56 回撤:30 信息比率:65 年化:35 胜率:92 盈亏比:90 交易次数:92 阿尔法:50 索提诺:72 下单时段:0
2025_origin_py/46高增股池小市值轮动,2023/9/1,2026/2/21,200000,,141.38%,44.81%,95.02%,23.77%,0.361,0.88,1.282,0.686,2.986,42.80%,1.647,0.13%,42.74%,1.017,0.543,168,77,1.27,0.318,0.176,"2024/01/04,2024/02/07",51.9,56,30,65,35,92,90,92,50,72,0,夏普:56 回撤:30 信息比率:65 年化:35 胜率:92 盈亏比:90 交易次数:92 阿尔法:50 索提诺:72 下单时段:0
2025_origin_py/1首板低开策略,2023/9/1,2026/2/21,200000,25分31秒,140.21%,44.51%,94.07%,23.77%,0.402,0.051,1.191,0.541,1.982,27.02%,2.677,0.14%,39.09%,0.745,0.496,33,28,0.928,0.34,0.176,"2024/09/04,2025/04/08",50.2,53,55,45,35,72,65,60,70,92,0,夏普:53 回撤:55 信息比率:45 年化:35 胜率:72 盈亏比:65 交易次数:60 阿尔法:70 索提诺:92 下单时段:0
2024_2_origin_py/28.【回顾2】小市值成长股策略更新FROEC-PB-CAP-HL,2023/9/1,2026/2/21,200000,04分31秒,138.08%,43.97%,64.64%,44.61%,0.286,0.895,1.074,0.688,2.576,47.51%,1.33,0.10%,44.89%,0.632,0.561,143,65,0.885,0.372,0.236,"2023/11/23,2024/02/07",46.6,48,30,45,35,92,90,92,50,55,0,夏普:48 回撤:30 信息比率:45 年化:35 胜率:92 盈亏比:90 交易次数:92 阿尔法:50 索提诺:55 下单时段:0
2024_2_origin_py/9.分享几个截止2022年3月仍有效的策略,2023/9/1,2026/2/21,200000,02分21秒,137.81%,43.91%,64.45%,44.61%,0.273,0.991,0.973,0.611,2.644,47.83%,1.262,0.11%,45.03%,0.574,0.509,58,37,0.806,0.41,0.236,"2023/09/27,2024/02/07",44.5,44,30,45,35,88,90,72,50,55,0,夏普:44 回撤:30 信息比率:45 年化:35 胜率:88 盈亏比:90 交易次数:72 阿尔法:50 索提诺:55 下单时段:0
2025_origin_py/89基于Gyro.大神的小市值策略的因子匹配研究,2023/9/1,2026/2/21,200000,04分57秒,137.42%,43.81%,91.81%,23.77%,0.347,0.958,1.005,0.639,4.338,42.29%,1.234,0.14%,42.46%,0.767,0.545,23,13,0.96,0.396,0.176,"2024/01/26,2024/02/07",54.2,45,30,45,35,88,100,45,50,55,100,夏普:45 回撤:30 信息比率:45 年化:35 胜率:88 盈亏比:100 交易次数:45 阿尔法:50 索提诺:55 下单时段:100
2024_1_origin_py/18.微盘股研究,2023/9/1,2026/2/21,200000,05分22秒,136.31%,43.52%,90.92%,23.77%,0.35,0.845,1.208,0.675,3.522,37.60%,1.44,0.13%,37.96%,0.931,0.561,1604,773,1.166,0.327,0.176,"2024/01/04,2024/02/07",64.2,53,45,65,35,92,100,100,50,55,100,夏普:53 回撤:45 信息比率:65 年化:35 胜率:92 盈亏比:100 交易次数:100 阿尔法:50 索提诺:55 下单时段:100
2024_2_origin_py/26.近几年一直有效的股票BOLL择时策略,2023/9/1,2026/2/21,200000,01分41秒,134.27%,43.00%,79.03%,30.85%,0.333,0.718,1.588,0.489,1.924,25.44%,2.208,0.11%,22.24%,1.072,0.506,113,118,1.402,0.246,0.161,"2024/11/21,2025/01/23",65.7,68,55,65,35,60,65,92,50,85,100,夏普:68 回撤:55 信息比率:65 年化:35 胜率:60 盈亏比:65 交易次数:92 阿尔法:50 索提诺:85 下单时段:100
2024_2_origin_py/28.【回顾2】小市值成长股策略更新SG-MS-PEG-HL,2023/9/1,2026/2/21,200000,02分12秒,131.41%,42.27%,60.03%,44.61%,0.266,0.911,1.102,0.6,2.355,41.25%,1.304,0.09%,41.05%,0.656,0.556,186,124,0.933,0.347,0.236,"2023/09/06,2024/02/07",45.8,49,30,45,35,82,80,100,50,55,0,夏普:49 回撤:30 信息比率:45 年化:35 胜率:82 盈亏比:80 交易次数:100 阿尔法:50 索提诺:55 下单时段:0
2022_origin_py/59.【策略】夏普超过2.0，后市靠定增一步步往上爬,2023/9/1,2026/2/21,200000,00分41秒,130.10%,41.93%,85.90%,23.77%,0.354,0.474,1.528,0.63,2.134,17.71%,2.119,0.12%,22.03%,1.028,0.526,598,351,1.295,0.248,0.176,"2025/03/26,2025/04/08",72.7,66,78,65,35,88,80,100,50,85,100,夏普:66 回撤:78 信息比率:65 年化:35 胜率:88 盈亏比:80 交易次数:100 阿尔法:50 索提诺:85 下单时段:100
"2025_origin_py/53TSmall-100, 微盘三正",2023/9/1,2026/2/21,200000,08分03秒,130.01%,41.90%,85.83%,23.77%,0.338,0.754,1.474,0.684,4.373,29.96%,1.738,0.11%,30.64%,1.149,0.561,1585,733,1.449,0.257,0.176,"2024/01/02,2024/02/07",69.1,64,55,65,35,92,100,100,50,72,100,夏普:64 回撤:55 信息比率:65 年化:35 胜率:92 盈亏比:100 交易次数:100 阿尔法:50 索提诺:72 下单时段:100
2025_origin_py/68wywy1995 首板低开策略代码优化，提快速度,2023/9/1,2026/2/21,200000,10分20秒,129.72%,41.83%,85.60%,23.77%,0.376,0.05,1.153,0.541,1.967,26.62%,2.577,0.13%,39.30%,0.699,0.494,33,28,0.882,0.328,0.176,"2024/09/04,2025/04/08",49.0,51,55,45,35,72,65,60,50,92,0,夏普:51 回撤:55 信息比率:45 年化:35 胜率:72 盈亏比:65 交易次数:60 阿尔法:50 索提诺:92 下单时段:0
2024_2_origin_py/87.北上净买入策略,2023/9/1,2026/2/21,200000,,129.12%,41.67%,85.11%,23.77%,0.325,0.959,1.235,0.452,2.107,32.85%,2.183,0.12%,23.91%,1.009,0.486,19,23,1.27,0.305,0.176,"2023/10/16,2024/02/05",59.7,54,45,65,35,60,80,45,50,85,100,夏普:54 回撤:45 信息比率:65 年化:35 胜率:60 盈亏比:80 交易次数:45 阿尔法:50 索提诺:85 下单时段:100
2025_origin_py/77研报三因子II-新规高分红小市值-年化60回撤19,2023/9/1,2026/2/21,200000,,128.81%,41.59%,61.40%,41.76%,0.264,0.949,1,0.626,2.207,49.03%,1.167,0.09%,37.98%,0.694,0.543,132,79,0.978,0.376,0.283,"2024/01/02,2024/02/07",45.0,45,30,45,35,88,80,92,50,55,0,夏普:45 回撤:30 信息比率:45 年化:35 胜率:88 盈亏比:80 交易次数:92 阿尔法:50 索提诺:55 下单时段:0
2025_origin_py/39干积分-大小盘反复横跳V2.0,2023/9/1,2026/2/21,200000,,128.73%,41.57%,71.60%,33.29%,0.311,0.735,1.344,0.587,2.537,25.46%,1.799,0.10%,21.73%,0.894,0.521,54,38,1.196,0.28,0.208,"2024/03/21,2024/04/16",55.4,59,55,65,35,82,90,72,50,72,0,夏普:59 回撤:55 信息比率:65 年化:35 胜率:82 盈亏比:90 交易次数:72 阿尔法:50 索提诺:72 下单时段:0
2024_1_origin_py/14.四年多翻9倍，年化73%，成长因子评分筛选,2023/9/1,2026/2/21,200000,,125.84%,40.82%,56.18%,44.61%,0.254,0.898,1.007,0.559,2.623,45.39%,1.281,0.09%,40.24%,0.557,0.518,52,41,0.805,0.366,0.236,"2023/09/27,2024/02/07",54.4,45,30,45,35,82,90,72,50,55,100,夏普:45 回撤:30 信息比率:45 年化:35 胜率:82 盈亏比:90 交易次数:72 阿尔法:50 索提诺:55 下单时段:100
2024_1_origin_py/1.差不多得了,2023/9/1,2026/2/21,200000,,123.41%,40.18%,54.49%,44.61%,0.263,0.777,1.011,0.611,1.935,39.87%,1.218,0.09%,40.85%,0.519,0.529,116,74,0.751,0.358,0.236,"2024/01/26,2024/02/07",46.7,45,45,45,35,88,65,88,50,55,0,夏普:45 回撤:45 信息比率:45 年化:35 胜率:88 盈亏比:65 交易次数:88 阿尔法:50 索提诺:55 下单时段:0
2025_origin_py/84正黄旗大妈选股改进-加入涨停卖出后的买入，提高资金利用率,2023/9/1,2026/2/21,200000,02分39秒,120.62%,39.44%,52.56%,44.61%,0.253,0.792,1.044,0.636,3.482,36.58%,1.296,0.09%,34.87%,0.539,0.545,84,48,0.789,0.339,0.236,"2023/11/28,2024/02/07",48.9,47,45,45,35,88,100,82,50,55,0,夏普:47 回撤:45 信息比率:45 年化:35 胜率:88 盈亏比:100 交易次数:82 阿尔法:50 索提诺:55 下单时段:0
2024_1_origin_py/11.低价小盘简单有效,2023/9/1,2026/2/21,200000,02分14秒,118.78%,38.95%,51.29%,44.61%,0.249,0.784,0.948,0.652,2.353,50.34%,1.225,0.09%,48.47%,0.468,0.546,131,70,0.688,0.368,0.236,"2024/01/09,2024/06/24",42.1,43,15,45,35,92,80,92,50,55,0,夏普:43 回撤:15 信息比率:45 年化:35 胜率:92 盈亏比:80 交易次数:92 阿尔法:50 索提诺:55 下单时段:0
2024_2_origin_py/23.低价小盘简单有效,2023/9/1,2026/2/21,200000,02分26秒,118.78%,38.95%,51.29%,44.61%,0.249,0.784,0.948,0.652,2.353,50.34%,1.225,0.09%,48.47%,0.468,0.546,131,70,0.688,0.368,0.236,"2024/01/09,2024/06/24",42.1,43,15,45,35,92,80,92,50,55,0,夏普:43 回撤:15 信息比率:45 年化:35 胜率:92 盈亏比:80 交易次数:92 阿尔法:50 索提诺:55 下单时段:0
2024_1_origin_py/13.5年15倍的收益，年化79.93%，可实盘，拿走不谢！,2023/9/1,2026/2/21,200000,,118.72%,38.94%,76.71%,23.77%,0.299,0.94,0.856,0.661,2.694,49.63%,0.984,0.12%,49.90%,0.617,0.566,84,43,0.791,0.408,0.176,"2024/01/04,2024/02/07",43.0,39,30,45,35,92,90,82,50,30,0,夏普:39 回撤:30 信息比率:45 年化:35 胜率:92 盈亏比:90 交易次数:82 阿尔法:50 索提诺:30 下单时段:0
2025_origin_py/3、5年15倍的收益，年化79.93，可实盘，拿走不谢！,2023/9/1,2026/2/21,200000,12分52秒,118.72%,38.94%,76.71%,23.77%,0.299,0.94,0.856,0.661,2.694,49.63%,0.984,0.12%,49.90%,0.617,0.566,84,43,0.791,0.408,0.176,"2024/01/04,2024/02/07",43.0,39,30,45,35,92,90,82,50,30,0,夏普:39 回撤:30 信息比率:45 年化:35 胜率:92 盈亏比:90 交易次数:82 阿尔法:50 索提诺:30 下单时段:0
2025_origin_py/80基本面01加RSI择时,2023/9/1,2026/2/21,200000,,117.98%,38.74%,76.11%,23.77%,0.309,0.711,1.005,0.659,2.787,47.52%,1.148,0.12%,47.47%,0.701,0.55,141,73,0.901,0.345,0.176,"2024/01/04,2024/02/07",46.0,45,30,45,35,92,90,92,50,55,0,夏普:45 回撤:30 信息比率:45 年化:35 胜率:92 盈亏比:90 交易次数:92 阿尔法:50 索提诺:55 下单时段:0
2025_origin_py/69“稳定摸狗策略”学习笔记,2023/9/1,2026/2/21,200000,00分15秒,116.02%,38.21%,74.53%,23.77%,0.303,0.735,1.265,0.52,2.412,19.97%,1.726,0.11%,17.03%,0.929,0.518,26,24,1.19,0.271,0.176,"2024/10/08,2024/11/18",56.9,56,78,65,35,72,80,60,50,72,0,夏普:56 回撤:78 信息比率:65 年化:35 胜率:72 盈亏比:80 交易次数:60 阿尔法:50 索提诺:72 下单时段:0
2025_origin_py/14安全摸狗策略,2023/9/1,2026/2/21,200000,,116.02%,38.21%,74.53%,23.77%,0.303,0.735,1.264,0.489,2.41,19.98%,1.725,0.11%,17.04%,0.929,0.519,23,24,1.19,0.271,0.176,"2024/10/08,2024/11/18",55.3,56,78,65,35,60,80,45,50,72,0,夏普:56 回撤:78 信息比率:65 年化:35 胜率:60 盈亏比:80 交易次数:45 阿尔法:50 索提诺:72 下单时段:0
2024_2_origin_py/22.菜场大妈选股法,2023/9/1,2026/2/21,200000,01分38秒,115.84%,38.16%,49.26%,44.61%,0.251,0.71,1.058,0.742,4.835,39.19%,1.284,0.08%,38.17%,0.508,0.56,69,24,0.752,0.323,0.236,"2024/01/04,2024/02/07",48.6,47,45,45,35,88,100,72,50,55,0,夏普:47 回撤:45 信息比率:45 年化:35 胜率:88 盈亏比:100 交易次数:72 阿尔法:50 索提诺:55 下单时段:0
2025_origin_py/63.5年12倍-小市值,2023/9/1,2026/2/21,200000,04分55秒,113.55%,37.54%,47.67%,44.61%,0.221,0.896,0.982,0.566,1.838,37.61%,1.209,0.08%,36.98%,0.515,0.543,211,162,0.772,0.342,0.236,"2023/09/04,2024/02/07",46.5,44,45,45,35,82,65,100,50,55,0,夏普:44 回撤:45 信息比率:45 年化:35 胜率:82 盈亏比:65 交易次数:100 阿尔法:50 索提诺:55 下单时段:0
2025_origin_py/10.10年52倍，年化59，全新因子方法超稳定,2023/9/1,2026/2/21,200000,01分40秒,111.84%,37.08%,46.49%,44.61%,0.257,0.581,0.984,0.638,1.837,43.84%,1.268,0.08%,44.31%,0.419,0.508,60,34,0.63,0.336,0.236,"2024/01/18,2024/02/07",43.0,44,30,45,35,88,65,72,50,55,0,夏普:44 回撤:30 信息比率:45 年化:35 胜率:88 盈亏比:65 交易次数:72 阿尔法:50 索提诺:55 下单时段:0
2024_2_origin_py/14.为实盘做的更新：分钟级别和盘中止损,2023/9/1,2026/2/21,200000,07分46秒,107.18%,35.80%,67.38%,23.77%,0.284,0.642,1.193,0.523,1.675,22.15%,1.581,0.10%,22.57%,0.807,0.55,190,173,1.059,0.267,0.176,"2024/01/02,2024/02/07",64.8,53,65,65,35,72,65,100,50,72,100,夏普:53 回撤:65 信息比率:65 年化:35 胜率:72 盈亏比:65 交易次数:100 阿尔法:50 索提诺:72 下单时段:100
2025_origin_py/42国九条：三年分红5千万以下且占净利润30以下将被ST,2023/9/1,2026/2/21,200000,03分28秒,106.05%,35.50%,57.48%,30.84%,0.241,0.933,1.173,0.572,1.849,25.71%,1.506,0.09%,22.47%,0.764,0.528,171,128,1.057,0.268,0.161,"2024/04/03,2024/07/24",63.1,52,55,65,35,82,65,92,50,72,100,夏普:52 回撤:55 信息比率:65 年化:35 胜率:82 盈亏比:65 交易次数:92 阿尔法:50 索提诺:72 下单时段:100
2024_1_origin_py/17.5年超额收益1055%，K线处理大阴线，无未来,2023/9/1,2026/2/21,200000,01分18秒,105.69%,35.39%,42.24%,44.61%,0.209,0.826,0.982,0.564,2.009,39.50%,1.276,0.07%,41.72%,0.467,0.533,62,48,0.726,0.32,0.236,"2024/01/18,2024/06/06",46.6,44,45,45,35,82,80,82,50,55,0,夏普:44 回撤:45 信息比率:45 年化:35 胜率:82 盈亏比:80 交易次数:82 阿尔法:50 索提诺:55 下单时段:0
2024_2_origin_py/74.【动量应用V1】12年120倍，根据研报思路调整,2023/9/1,2026/2/21,200000,01分47秒,101.87%,34.33%,39.60%,44.61%,0.186,0.923,0.863,0.658,2.092,43.31%,1.008,0.07%,42.38%,0.403,0.571,225,117,0.637,0.351,0.236,"2024/01/15,2024/02/07",54.3,40,30,45,35,92,80,100,48,55,100,夏普:40 回撤:30 信息比率:45 年化:35 胜率:92 盈亏比:80 交易次数:100 阿尔法:48 索提诺:55 下单时段:100
2024_2_origin_py/35.自适应量化终极算法2.0 （全新升级),2023/9/1,2026/2/21,200000,381分03秒,101.24%,34.16%,62.58%,23.77%,0.266,0.657,1.092,0.562,1.786,31.81%,1.507,0.10%,36.46%,0.723,0.534,172,134,0.961,0.276,0.176,"2024/01/04,2024/06/06",58.3,49,45,45,35,82,65,100,50,72,100,夏普:49 回撤:45 信息比率:45 年化:35 胜率:82 盈亏比:65 交易次数:100 阿尔法:50 索提诺:72 下单时段:100
2024_1_origin_py/26.【深度解析 六】高股息率-低PEG-低股价 模型,2023/9/1,2026/2/21,200000,02分34秒,99.25%,33.60%,60.98%,23.77%,0.253,0.793,0.982,0.716,3.578,41.57%,1.151,0.09%,41.23%,0.674,0.587,154,61,0.898,0.301,0.176,"2023/11/22,2024/02/07",56.1,44,30,45,35,88,100,92,50,55,100,夏普:44 回撤:30 信息比率:45 年化:35 胜率:88 盈亏比:100 交易次数:92 阿尔法:50 索提诺:55 下单时段:100
2024_2_origin_py/42.实盘出现的问题和解决办法,2023/9/1,2026/2/21,200000,09分07秒,98.74%,33.45%,60.57%,23.77%,0.258,0.675,1.04,0.525,1.804,28.46%,1.391,0.09%,28.53%,0.684,0.543,160,145,0.914,0.283,0.176,"2024/01/02,2024/02/07",58.1,47,55,45,35,72,65,100,50,55,100,夏普:47 回撤:55 信息比率:45 年化:35 胜率:72 盈亏比:65 交易次数:100 阿尔法:50 索提诺:55 下单时段:100
2025_origin_py/81搞市场最靓的仔！指数ETF动量轮动策略-2,2023/9/1,2026/2/21,200000,00分25秒,96.75%,32.89%,58.96%,23.77%,0.224,1.202,0.765,0.507,1.952,33.75%,1.066,0.10%,23.42%,0.56,0.524,34,33,0.746,0.378,0.176,"2024/10/08,2025/04/07",52.0,36,45,45,35,72,65,60,50,55,100,夏普:36 回撤:45 信息比率:45 年化:35 胜率:72 盈亏比:65 交易次数:60 阿尔法:50 索提诺:55 下单时段:100
2025_origin_py/75大市值价值投资优化一波,2023/9/1,2026/2/21,200000,00分24秒,96.20%,32.74%,58.52%,23.77%,0.255,0.6,1.087,0.619,4.035,22.93%,1.503,0.09%,36.95%,0.686,0.499,13,8,0.925,0.264,0.176,"2025/01/17,2026/02/13",51.3,48,65,45,35,88,100,30,50,72,0,夏普:48 回撤:65 信息比率:45 年化:35 胜率:88 盈亏比:100 交易次数:30 阿尔法:50 索提诺:72 下单时段:0
2025_origin_py/74趋势筛选后相关性最小etf轮动,2023/9/1,2026/2/21,200000,26分20秒,96.08%,32.70%,58.42%,23.77%,0.283,0.084,1.219,0.537,2.865,16.38%,1.45,0.09%,30.84%,0.61,0.538,22,19,0.818,0.236,0.176,"2026/01/29,2026/02/02",63.0,54,78,45,35,72,90,45,50,55,100,夏普:54 回撤:78 信息比率:45 年化:35 胜率:72 盈亏比:90 交易次数:45 阿尔法:50 索提诺:55 下单时段:100
2025_origin_py/97趋势筛选后相关性最小etf轮动-加速10倍版,2023/9/1,2026/2/21,200000,,96.08%,32.70%,58.42%,23.77%,0.283,0.084,1.219,0.537,2.865,16.38%,1.45,0.09%,30.84%,0.61,0.538,22,19,0.818,0.236,0.176,"2026/01/29,2026/02/02",63.0,54,78,45,35,72,90,45,50,55,100,夏普:54 回撤:78 信息比率:45 年化:35 胜率:72 盈亏比:90 交易次数:45 阿尔法:50 索提诺:55 下单时段:100
2024_1_origin_py/3.【回顾3】ETF策略之核心资产轮动,2023/9/1,2026/2/21,200000,00分22秒,95.66%,32.58%,58.08%,23.77%,0.236,0.921,0.927,0.559,3.023,28.50%,1.181,0.09%,23.72%,0.657,0.531,19,15,0.883,0.308,0.176,"2024/10/08,2024/11/18",47.5,42,55,45,35,82,100,45,50,55,0,夏普:42 回撤:55 信息比率:45 年化:35 胜率:82 盈亏比:100 交易次数:45 阿尔法:50 索提诺:55 下单时段:0
2024_2_origin_py/12.全市场选股？7年5倍不择时，回撤30%左右,2023/9/1,2026/2/21,200000,00分49秒,91.32%,31.34%,35.84%,40.84%,0.167,0.929,1.054,0.656,3.517,29.86%,1.37,0.06%,14.80%,0.563,0.518,59,31,0.92,0.259,0.209,"2023/11/21,2024/02/05",60.4,47,55,45,35,92,100,72,46,55,100,夏普:47 回撤:55 信息比率:45 年化:35 胜率:92 盈亏比:100 交易次数:72 阿尔法:46 索提诺:55 下单时段:100
2024_2_origin_py/15.高股息低杠杆小市值轮动策略,2023/9/1,2026/2/21,200000,02分33秒,90.85%,31.20%,31.97%,44.61%,0.161,0.867,0.728,0.681,2.823,48.83%,0.853,0.07%,46.72%,0.268,0.539,98,46,0.46,0.374,0.236,"2024/01/04,2024/02/07",41.4,34,30,43,35,92,90,82,45,30,0,夏普:34 回撤:30 信息比率:43 年化:35 胜率:92 盈亏比:90 交易次数:82 阿尔法:45 索提诺:30 下单时段:0
2024_2_origin_py/39.绩优小市值量化君也-模拟交易年化333.75%,2023/9/1,2026/2/21,200000,01分53秒,90.56%,31.12%,31.78%,44.61%,0.15,0.95,0.772,0.596,1.986,40.94%,0.918,0.06%,38.63%,0.306,0.543,121,82,0.53,0.351,0.236,"2024/01/02,2024/02/07",50.2,36,30,45,35,82,65,92,44,30,100,夏普:36 回撤:30 信息比率:45 年化:35 胜率:82 盈亏比:65 交易次数:92 阿尔法:44 索提诺:30 下单时段:100
"2025_origin_py/35【菜场大妈】股息率小市值策略,10年206倍,5年10.8倍",2023/9/1,2026/2/21,200000,01分29秒,88.33%,30.47%,30.24%,44.61%,0.176,0.695,0.769,0.688,2.549,41.92%,0.998,0.06%,40.85%,0.25,0.534,53,24,0.441,0.344,0.236,"2023/11/28,2024/02/07",40.7,36,30,42,35,92,90,60,47,30,0,夏普:36 回撤:30 信息比率:42 年化:35 胜率:92 盈亏比:90 交易次数:60 阿尔法:47 索提诺:30 下单时段:0
2025_origin_py/22带上止损的核心资产轮动才更安心，低回撤，高收益率,2023/9/1,2026/2/21,200000,,88.13%,30.41%,52.00%,23.77%,0.221,0.806,0.905,0.513,2.499,25.91%,1.128,0.08%,21.20%,0.593,0.534,20,19,0.817,0.292,0.176,"2024/10/08,2024/11/18",45.4,41,55,45,35,72,80,45,50,55,0,夏普:41 回撤:55 信息比率:45 年化:35 胜率:72 盈亏比:80 交易次数:45 阿尔法:50 索提诺:55 下单时段:0
2025_origin_py/38ETF策略之核心资产轮动（线性增加权重）,2023/9/1,2026/2/21,200000,00分14秒,87.70%,30.29%,51.65%,23.77%,0.214,0.918,0.855,0.528,2.351,30.65%,1.088,0.08%,25.40%,0.579,0.526,19,17,0.798,0.307,0.176,"2024/10/08,2024/11/18",43.1,39,45,45,35,72,80,45,50,55,0,夏普:39 回撤:45 信息比率:45 年化:35 胜率:72 盈亏比:80 交易次数:45 阿尔法:50 索提诺:55 下单时段:0
2024_1_origin_py/31.动量因子加RSRS择时和ETF轮动每日调仓,2023/9/1,2026/2/21,200000,00分23秒,87.10%,30.11%,51.16%,23.77%,0.21,0.952,0.864,0.545,2.524,26.95%,1.12,0.08%,21.30%,0.596,0.524,24,20,0.823,0.302,0.176,"2024/10/08,2024/11/18",55.6,40,55,45,35,72,90,45,50,55,100,夏普:40 回撤:55 信息比率:45 年化:35 胜率:72 盈亏比:90 交易次数:45 阿尔法:50 索提诺:55 下单时段:100
2024_1_origin_py/20.有赚就好-小市值剥头皮改进 2年3.86%回撤,2023/9/1,2026/2/21,200000,18分21秒,83.22%,28.97%,29.24%,41.76%,0.231,0.156,2.025,0.638,2.219,15.10%,2.657,0.06%,37.41%,0.279,0.511,422,239,0.497,0.123,0.283,"2024/03/20,2024/09/06",63.6,80,78,45,35,88,80,100,50,92,0,夏普:80 回撤:78 信息比率:45 年化:35 胜率:88 盈亏比:80 交易次数:100 阿尔法:50 索提诺:92 下单时段:0
2024_2_origin_py/64.ETF轮动策略升级-增加盘中止损,2023/9/1,2026/2/21,200000,01分31秒,81.58%,28.49%,46.70%,23.77%,0.2,0.835,0.556,0.442,1.471,42.34%,0.765,0.10%,45.94%,0.324,0.494,114,144,0.459,0.44,0.176,"2026/01/29,2026/02/11",44.3,27,30,43,35,45,45,92,50,30,100,夏普:27 回撤:30 信息比率:43 年化:35 胜率:45 盈亏比:45 交易次数:92 阿尔法:50 索提诺:30 下单时段:100
2025_origin_py/65搭建量化交易模型从零开始——择时，选股，仓位管理和因子分析,2023/9/1,2026/2/21,200000,77分06秒,80.84%,28.26%,25.05%,44.61%,0.18,0.492,1.346,0.399,2.893,18.70%,1.895,0.04%,19.20%,0.325,0.555,101,152,0.629,0.18,0.236,"2024/01/04,2024/02/07",63.9,59,78,45,35,30,90,92,48,72,100,夏普:59 回撤:78 信息比率:45 年化:35 胜率:30 盈亏比:90 交易次数:92 阿尔法:48 索提诺:72 下单时段:100
2024_2_origin_py/24.宽基ETF动量轮动钝化RSRS择时-回撤小,2023/9/1,2026/2/21,200000,08分19秒,79.89%,27.98%,45.34%,23.77%,0.19,0.933,0.99,0.571,2.717,18.90%,1.707,0.07%,14.84%,0.738,0.516,24,18,1.042,0.242,0.176,"2024/10/08,2025/05/28",65.0,45,78,65,35,82,90,45,49,72,100,夏普:45 回撤:78 信息比率:65 年化:35 胜率:82 盈亏比:90 交易次数:45 阿尔法:49 索提诺:72 下单时段:100
2025_origin_py/94别人“拿的住”的股票最赚钱,2023/9/1,2026/2/21,200000,08分01秒,78.27%,27.50%,44.03%,23.77%,0.186,0.902,1.078,0.593,2.271,23.10%,1.556,0.07%,17.48%,0.837,0.509,112,77,1.203,0.218,0.176,"2024/11/11,2025/04/08",64.8,48,65,65,35,82,80,88,48,72,100,夏普:48 回撤:65 信息比率:65 年化:35 胜率:82 盈亏比:80 交易次数:88 阿尔法:48 索提诺:72 下单时段:100
2025_origin_py/26波动率过滤后相关性最小etf轮动,2023/9/1,2026/2/21,200000,00分38秒,77.88%,27.38%,43.71%,23.77%,0.226,0.137,0.975,0.459,2.183,20.97%,1.159,0.08%,32.69%,0.442,0.534,17,20,0.637,0.24,0.176,"2024/07/09,2024/11/18",56.9,44,65,45,35,60,80,45,50,55,100,夏普:44 回撤:65 信息比率:45 年化:35 胜率:60 盈亏比:80 交易次数:45 阿尔法:50 索提诺:55 下单时段:100
2025_origin_py/12用子账户模拟多策略分仓,2023/9/1,2026/2/21,200000,30分24秒,76.33%,26.91%,42.46%,23.77%,0.185,0.818,1.016,0.559,2.055,15.20%,1.426,0.07%,16.30%,0.681,0.548,99,78,0.992,0.226,0.176,"2024/01/15,2024/02/05",53.1,46,78,45,35,82,80,88,48,55,0,夏普:46 回撤:78 信息比率:45 年化:35 胜率:82 盈亏比:80 交易次数:88 阿尔法:48 索提诺:55 下单时段:0
2025_origin_py/45此消彼长,2023/9/1,2026/2/21,200000,03分17秒,76.15%,26.86%,24.25%,41.76%,0.159,0.589,0.991,0.566,2.145,22.66%,1.306,0.04%,38.14%,0.282,0.501,56,43,0.56,0.231,0.283,"2024/01/26,2024/02/07",59.6,45,65,45,35,82,80,72,45,55,100,夏普:45 回撤:65 信息比率:45 年化:35 胜率:82 盈亏比:80 交易次数:72 阿尔法:45 索提诺:55 下单时段:100
2025_origin_py/11低风险中等收益策略,2023/9/1,2026/2/21,200000,04分06秒,76.01%,26.81%,42.20%,23.77%,0.214,0.258,2.12,0.698,4.071,7.42%,2.344,0.06%,22.72%,0.74,0.57,224,97,1.07,0.108,0.176,"2024/01/02,2024/02/07",81.4,82,97,65,35,92,100,100,50,85,100,夏普:82 回撤:97 信息比率:65 年化:35 胜率:92 盈亏比:100 交易次数:100 阿尔法:50 索提诺:85 下单时段:100
2025_origin_py/67大市值价投高股息爱国者策略（爱我中华）,2023/9/1,2026/2/21,200000,,71.55%,25.45%,28.71%,33.29%,0.177,0.426,1.304,0.779,4.961,12.33%,2.064,0.05%,18.57%,0.391,0.508,67,19,0.69,0.165,0.208,"2024/05/22,2024/09/13",58.8,57,88,45,35,75,100,72,47,85,0,夏普:57 回撤:88 信息比率:45 年化:35 胜率:75 盈亏比:100 交易次数:72 阿尔法:47 索提诺:85 下单时段:0
2025_origin_py/7追首板涨停 过去两年年化304%,2023/9/1,2026/2/21,200000,06分19秒,71.11%,25.32%,38.24%,23.77%,0.192,0.388,0.422,0.529,1.153,63.00%,0.661,0.11%,71.54%,0.206,0.501,109,97,0.311,0.506,0.176,"2024/06/06,2025/12/05",29.3,21,5,36,35,72,45,92,49,30,0,夏普:21 回撤:5 信息比率:36 年化:35 胜率:72 盈亏比:45 交易次数:92 阿尔法:49 索提诺:30 下单时段:0
2025_origin_py/82回报社区——基于Gyro老师策略的思考,2023/9/1,2026/2/21,200000,05分54秒,69.21%,24.73%,36.71%,23.77%,0.175,0.609,1.027,0.785,4.573,25.46%,1.214,0.06%,26.20%,0.547,0.565,830,227,0.833,0.202,0.176,"2023/11/23,2024/02/07",60.3,46,55,45,35,75,100,100,47,55,100,夏普:46 回撤:55 信息比率:45 年化:35 胜率:75 盈亏比:100 交易次数:100 阿尔法:47 索提诺:55 下单时段:100
2024_2_origin_py/1.一颗耀眼的星—【回顾2】小市值成长股策略更新—改,2023/9/1,2026/2/21,200000,,67.69%,24.26%,15.97%,44.61%,0.105,0.763,0.635,0.561,1.808,39.51%,0.74,0.04%,39.76%,0.091,0.526,125,98,0.278,0.319,0.236,"2024/01/16,2024/02/07",39.9,30,45,34,35,82,65,92,38,30,0,夏普:30 回撤:45 信息比率:34 年化:35 胜率:82 盈亏比:65 交易次数:92 阿尔法:38 索提诺:30 下单时段:0
2025_origin_py/78首板低开策略-终极版 最大回撤15%，年化50%,2023/9/1,2026/2/21,200000,21分58秒,67.45%,24.19%,35.29%,23.77%,0.2,0.031,0.672,0.606,1.385,34.82%,1.081,0.07%,44.99%,0.277,0.513,66,43,0.429,0.301,0.176,"2024/06/27,2025/01/08",41.6,32,45,41,35,88,45,82,50,55,0,夏普:32 回撤:45 信息比率:41 年化:35 胜率:88 盈亏比:45 交易次数:82 阿尔法:50 索提诺:55 下单时段:0
2025_origin_py/41SVR机器学习上证综指择时中小板财务选股策略,2023/9/1,2026/2/21,200000,03分16秒,66.18%,23.79%,34.26%,23.77%,0.168,0.564,0.842,0.546,1.628,19.99%,1.094,0.06%,27.28%,0.405,0.536,294,244,0.636,0.235,0.176,"2024/10/08,2025/01/06",50.3,39,78,45,35,72,65,100,46,55,0,夏普:39 回撤:78 信息比率:45 年化:35 胜率:72 盈亏比:65 交易次数:100 阿尔法:46 索提诺:55 下单时段:0
2024_2_origin_py/70.（股票交易模板）小市值-EPS-成长因子选股,2023/9/1,2026/2/21,200000,01分44秒,66.15%,23.78%,34.23%,23.77%,0.136,1.149,0.481,0.603,1.687,46.21%,0.595,0.08%,47.22%,0.255,0.545,47,31,0.401,0.411,0.176,"2024/01/15,2024/02/07",45.7,24,30,40,35,88,65,60,42,30,100,夏普:24 回撤:30 信息比率:40 年化:35 胜率:88 盈亏比:65 交易次数:60 阿尔法:42 索提诺:30 下单时段:100
2025_origin_py/31蛇皮走位小市值策略V1.0,2023/9/1,2026/2/21,200000,02分13秒,66.00%,23.73%,34.12%,23.77%,0.179,0.348,1.028,0.857,3.216,25.18%,1.311,0.06%,22.64%,0.427,0.521,108,18,0.668,0.192,0.176,"2024/12/02,2025/01/06",57.0,46,55,45,35,40,100,82,47,55,100,夏普:46 回撤:55 信息比率:45 年化:35 胜率:40 盈亏比:100 交易次数:82 阿尔法:47 索提诺:55 下单时段:100
2024_2_origin_py/95.首席质量因子-Gross Profitabilit（简化版）,2023/9/1,2026/2/21,200000,04分58秒,65.25%,23.50%,33.51%,23.77%,0.145,0.925,0.858,0.573,1.952,23.80%,1.217,0.05%,19.15%,0.56,0.519,231,172,0.887,0.227,0.176,"2024/05/20,2024/09/10",58.7,39,65,45,35,82,65,100,43,55,100,夏普:39 回撤:65 信息比率:45 年化:35 胜率:82 盈亏比:65 交易次数:100 阿尔法:43 索提诺:55 下单时段:100
2024_1_origin_py/12.致敬聚宽机器学习多因子50只持仓14年37倍,2023/9/1,2026/2/21,200000,26分32秒,65.09%,23.45%,33.38%,23.77%,0.145,0.928,0.79,0.58,2.2,24.25%,0.994,0.06%,23.56%,0.481,0.541,542,392,0.762,0.246,0.176,"2023/11/28,2024/02/05",57.9,37,65,45,35,82,80,100,43,30,100,夏普:37 回撤:65 信息比率:45 年化:35 胜率:82 盈亏比:80 交易次数:100 阿尔法:43 索提诺:30 下单时段:100
2025_origin_py/52机器学习滚动训练价投策略,2023/9/1,2026/2/21,200000,05分01秒,62.06%,22.49%,12.07%,44.61%,0.107,0.614,1.015,0.568,2.009,20.52%,1.356,0.02%,15.14%,0.064,0.524,273,208,0.4,0.182,0.236,"2024/05/14,2024/09/18",50.2,46,65,40,35,82,80,100,38,55,0,夏普:46 回撤:65 信息比率:40 年化:35 胜率:82 盈亏比:80 交易次数:100 阿尔法:38 索提诺:55 下单时段:0
2025_origin_py/30错杀反弹，掌握人性规律，开启投资新纪元,2023/9/1,2026/2/21,200000,,60.28%,21.92%,10.84%,44.61%,0.144,0.273,0.745,0.503,1.722,24.42%,0.885,0.03%,42.50%,0.015,0.521,75,74,0.179,0.241,0.236,"2024/08/15,2025/04/08",52.8,35,65,29,35,72,65,82,43,30,100,夏普:35 回撤:65 信息比率:29 年化:35 胜率:72 盈亏比:65 交易次数:82 阿尔法:43 索提诺:30 下单时段:100
2022_origin_py/100.实战型小盘价值策略--14年30倍,2023/9/1,2026/2/21,200000,01分54秒,60.10%,21.86%,29.35%,23.77%,0.146,0.603,0.953,0.719,5.169,21.02%,1.144,0.05%,22.37%,0.439,0.563,410,160,0.737,0.187,0.176,"2023/11/23,2024/02/07",62.2,43,65,45,35,88,100,100,43,55,100,夏普:43 回撤:65 信息比率:45 年化:35 胜率:88 盈亏比:100 交易次数:100 阿尔法:43 索提诺:55 下单时段:100
2024_1_origin_py/32.非线性市值（非小市值）组合4只,2023/9/1,2026/2/21,200000,05分59秒,60.00%,21.83%,29.26%,23.77%,0.125,0.998,0.586,0.5,2.053,26.85%,0.814,0.06%,24.92%,0.297,0.521,27,27,0.501,0.304,0.176,"2024/05/08,2024/09/18",40.8,28,55,45,35,60,80,60,41,30,0,夏普:28 回撤:55 信息比率:45 年化:35 胜率:60 盈亏比:80 交易次数:60 阿尔法:41 索提诺:30 下单时段:0
2022_origin_py/43.股指期货&quot;蜘蛛网策略&quot; ——从成交持仓表中捕捉知情投资者行为,2023/9/1,2026/2/21,200000,00分51秒,59.44%,21.65%,28.82%,23.77%,0.195,-0.342,0.389,0.5,14.673,34.90%,0.643,0.09%,47.19%,0.144,0.504,1,1,0.242,0.454,0.176,"2023/12/19,2024/09/25",45.1,19,45,32,35,60,100,20,49,30,100,夏普:19 回撤:45 信息比率:32 年化:35 胜率:60 盈亏比:100 交易次数:20 阿尔法:49 索提诺:30 下单时段:100
2024_1_origin_py/19.高股息低市盈率高增长的价投策略,2023/9/1,2026/2/21,200000,,57.92%,21.16%,27.59%,23.77%,0.131,0.763,0.935,0.624,2.795,16.02%,1.272,0.04%,11.20%,0.514,0.545,63,38,0.893,0.184,0.176,"2024/05/13,2024/09/13",62.8,42,78,45,35,88,90,82,41,55,100,夏普:42 回撤:78 信息比率:45 年化:35 胜率:88 盈亏比:90 交易次数:82 阿尔法:41 索提诺:55 下单时段:100
2025_origin_py/4高股息低市盈率高增长的价投策略,2023/9/1,2026/2/21,200000,00分52秒,57.92%,21.16%,27.59%,23.77%,0.131,0.763,0.935,0.624,2.795,16.02%,1.272,0.04%,11.20%,0.514,0.545,63,38,0.893,0.184,0.176,"2024/05/13,2024/09/13",62.8,42,78,45,35,88,90,82,41,55,100,夏普:42 回撤:78 信息比率:45 年化:35 胜率:88 盈亏比:90 交易次数:82 阿尔法:41 索提诺:55 下单时段:100
2024_2_origin_py/6.PEG+成长+小市值+RSRS择时,2023/9/1,2026/2/21,200000,06分58秒,56.14%,20.59%,26.15%,23.77%,0.116,0.936,0.482,0.635,1.577,36.32%,0.595,0.06%,34.25%,0.206,0.492,113,65,0.37,0.344,0.176,"2024/04/02,2024/09/18",49.4,24,45,38,35,88,65,88,40,30,100,夏普:24 回撤:45 信息比率:38 年化:35 胜率:88 盈亏比:65 交易次数:88 阿尔法:40 索提诺:30 下单时段:100
2022_origin_py/1.易方达二八轮动测试,2023/9/1,2026/2/21,200000,00分10秒,55.87%,20.50%,25.93%,23.77%,0.142,0.426,1.1,0.762,6.337,10.43%,1.467,0.04%,25.97%,0.377,0.513,16,5,0.676,0.15,0.176,"2025/10/29,2025/11/21",64.3,49,92,45,35,75,100,30,43,55,100,夏普:49 回撤:92 信息比率:45 年化:35 胜率:75 盈亏比:100 交易次数:30 阿尔法:43 索提诺:55 下单时段:100
2025_origin_py/58Debug-输出信息-多标的版ETF策略(ETF复现之三）,2023/9/1,2026/2/21,200000,01分19秒,54.92%,20.19%,-3.50%,60.54%,0.09,0.399,0.559,0.506,1.297,33.20%,0.829,0.01%,35.38%,-0.18,0.484,91,89,-0.059,0.289,0.219,"2024/11/13,2025/06/20",34.9,27,45,19,35,72,45,88,36,30,0,夏普:27 回撤:45 信息比率:19 年化:35 胜率:72 盈亏比:45 交易次数:88 阿尔法:36 索提诺:30 下单时段:0
2025_origin_py/56基于趋势、拥挤、景气的行业轮动，及行业强势个股的选择,2023/9/1,2026/2/21,200000,05分31秒,54.72%,20.13%,25.00%,23.77%,0.117,0.816,0.737,0.554,1.945,27.75%,1.037,0.04%,25.17%,0.347,0.513,267,215,0.639,0.219,0.176,"2023/11/22,2024/09/18",45.6,34,55,45,35,82,65,100,40,55,0,夏普:34 回撤:55 信息比率:45 年化:35 胜率:82 盈亏比:65 交易次数:100 阿尔法:40 索提诺:55 下单时段:0
2025_origin_py/32EPO优化低相关etf组合,2023/9/1,2026/2/21,200000,00分12秒,53.49%,19.73%,24.01%,23.77%,0.141,0.3,1.462,0.75,9.882,8.51%,1.785,0.04%,15.88%,0.354,0.529,66,22,0.669,0.108,0.176,"2024/05/20,2024/09/11",72.0,63,97,45,35,88,100,72,43,72,100,夏普:63 回撤:97 信息比率:45 年化:35 胜率:88 盈亏比:100 交易次数:72 阿尔法:43 索提诺:72 下单时段:100
2022_origin_py/4.自带仓位控制的股息率策略，超稳,2023/9/1,2026/2/21,200000,02分20秒,53.22%,19.63%,23.79%,23.77%,0.128,0.536,0.922,0.64,2.74,15.79%,1.271,0.04%,19.88%,0.332,0.531,32,18,0.63,0.17,0.176,"2024/05/29,2024/09/11",61.7,42,78,45,35,88,90,60,41,55,100,夏普:42 回撤:78 信息比率:45 年化:35 胜率:88 盈亏比:90 交易次数:60 阿尔法:41 索提诺:55 下单时段:100
2025_origin_py/40高股息策略,2023/9/1,2026/2/21,200000,03分20秒,53.19%,19.63%,23.77%,23.77%,0.115,0.765,0.825,0.565,2.066,22.07%,1.094,0.04%,14.64%,0.385,0.533,87,67,0.735,0.189,0.176,"2024/05/09,2024/09/18",48.6,38,65,45,35,82,80,88,39,55,0,夏普:38 回撤:65 信息比率:45 年化:35 胜率:82 盈亏比:80 交易次数:88 阿尔法:39 索提诺:55 下单时段:0
2025_origin_py/18国庆节献礼：实例说明白马股攻防转换策略,2023/9/1,2026/2/21,200000,00分15秒,52.72%,19.47%,23.38%,23.77%,0.114,0.759,0.771,0.585,2.598,15.61%,0.996,0.04%,18.72%,0.337,0.536,31,22,0.648,0.201,0.176,"2023/09/04,2023/12/19",58.7,36,78,45,34,82,90,60,39,30,100,夏普:36 回撤:78 信息比率:45 年化:34 胜率:82 盈亏比:90 交易次数:60 阿尔法:39 索提诺:30 下单时段:100
2022_origin_py/52.用指数战胜指数，ETF二八轮动对冲模型,2023/9/1,2026/2/21,200000,00分14秒,52.04%,19.25%,22.84%,23.77%,0.115,0.693,0.888,0.308,2.683,15.73%,1.208,0.04%,10.67%,0.378,0.545,8,18,0.745,0.172,0.176,"2024/11/11,2025/05/28",55.7,41,78,45,34,30,90,30,39,55,100,夏普:41 回撤:78 信息比率:45 年化:34 胜率:30 盈亏比:90 交易次数:30 阿尔法:39 索提诺:55 下单时段:100
2025_origin_py/23大盘择时，逻辑简单,2023/9/1,2026/2/21,200000,,51.77%,19.16%,22.62%,23.77%,0.134,0.328,1.233,0.833,103.878,12.12%,2.713,0.04%,24.49%,0.305,0.513,10,2,0.609,0.123,0.176,"2024/05/28,2024/09/13",54.4,54,88,45,34,55,100,20,42,92,0,夏普:54 回撤:88 信息比率:45 年化:34 胜率:55 盈亏比:100 交易次数:20 阿尔法:42 索提诺:92 下单时段:0
2022_origin_py/28.etf轮动的优化，680%收益,2023/9/1,2026/2/21,200000,00分39秒,47.44%,17.72%,19.12%,23.77%,0.085,0.974,0.547,0.652,2.045,25.43%,0.77,0.04%,16.97%,0.202,0.539,163,87,0.456,0.251,0.176,"2024/10/08,2024/10/17",53.4,27,55,43,33,92,80,92,36,30,100,夏普:27 回撤:55 信息比率:43 年化:33 胜率:92 盈亏比:80 交易次数:92 阿尔法:36 索提诺:30 下单时段:100
2024_2_origin_py/93.因子看板多因子模型---由量化课堂多因子模型修改,2023/9/1,2026/2/21,200000,00分56秒,46.53%,17.41%,18.39%,23.77%,0.098,0.664,0.964,0.571,1.787,19.04%,1.522,0.03%,14.19%,0.35,0.509,109,82,0.839,0.139,0.176,"2023/09/05,2024/09/09",61.7,44,78,45,32,82,65,88,37,72,100,夏普:44 回撤:78 信息比率:45 年化:32 胜率:82 盈亏比:65 交易次数:88 阿尔法:37 索提诺:72 下单时段:100
2024_2_origin_py/83.开盘幅度决定日内方向,2023/9/1,2026/2/21,200000,00分12秒,46.16%,17.29%,18.09%,23.77%,0.093,0.738,0.875,0.549,1.858,21.63%,1.173,0.03%,14.90%,0.355,0.531,62,51,0.867,0.152,0.176,"2024/10/08,2025/04/07",56.8,40,65,45,32,72,65,82,37,55,100,夏普:40 回撤:65 信息比率:45 年化:32 胜率:72 盈亏比:65 交易次数:82 阿尔法:37 索提诺:55 下单时段:100
2025_origin_py/85稳健型ETF策略,2023/9/1,2026/2/21,200000,,44.94%,16.88%,17.10%,23.77%,0.119,0.186,1.754,0.824,33.727,5.42%,1.909,0.03%,24.21%,0.183,0.541,14,3,0.476,0.073,0.176,"2026/01/29,2026/02/02",68.8,73,97,44,32,55,100,20,40,72,100,夏普:73 回撤:97 信息比率:44 年化:32 胜率:55 盈亏比:100 交易次数:20 阿尔法:40 索提诺:72 下单时段:100
2025_origin_py/71乱改一版股票加钱粮ETF组合,2023/9/1,2026/2/21,200000,5分42秒,43.45%,16.37%,11.04%,29.19%,0.102,0.297,1.222,0.407,1.659,8.78%,1.471,0.02%,23.39%,0.032,0.551,209,305,0.32,0.101,0.187,"2024/05/20,2024/09/122025_origin_py/73微盘400每日再平衡",63.3,54,97,36,31,45,65,100,38,55,100,夏普:54 回撤:97 信息比率:36 年化:31 胜率:45 盈亏比:65 交易次数:100 阿尔法:38 索提诺:55 下单时段:100
2024_2_origin_py/56.一创PEG+EBIT+turnover_volatility,2023/9/1,2026/2/21,200000,05分29秒,43.13%,16.26%,-1.02%,44.61%,0.014,0.852,0.304,0.522,1.592,55.04%,0.394,0.02%,53.38%,-0.127,0.526,47,43,-0.014,0.403,0.236,"2023/12/04,2024/07/24",36.0,15,15,20,31,72,65,72,27,15,100,夏普:15 回撤:15 信息比率:20 年化:31 胜率:72 盈亏比:65 交易次数:72 阿尔法:27 索提诺:15 下单时段:100
2024_2_origin_py/54.sales_growth今年最优版,2023/9/1,2026/2/21,200000,01分53秒,42.84%,16.16%,-1.22%,44.61%,0.05,0.56,0.416,0.453,1.317,39.26%,0.511,0.01%,38.63%,-0.162,0.487,232,280,-0.021,0.292,0.236,"2024/02/27,2024/09/03",32.6,21,45,20,31,60,45,100,31,30,0,夏普:21 回撤:45 信息比率:20 年化:31 胜率:60 盈亏比:45 交易次数:100 阿尔法:31 索提诺:30 下单时段:0
2024_2_origin_py/3.截止到21年12月依然有效的小市值适配因子,2023/9/1,2026/2/21,200000,02分36秒,42.50%,16.04%,-1.46%,44.61%,-0.002,0.957,0.316,0.536,1.212,43.75%,0.386,0.02%,42.83%,-0.152,0.523,37,32,-0.023,0.381,0.236,"2024/01/15,2024/02/07",36.9,16,30,20,31,72,45,60,25,15,100,夏普:16 回撤:30 信息比率:20 年化:31 胜率:72 盈亏比:45 交易次数:60 阿尔法:25 索提诺:15 下单时段:100
2022_origin_py/13.利用股息率长线选股【超稳】,2023/9/1,2026/2/21,200000,01分45秒,40.38%,15.32%,13.42%,23.77%,0.085,0.533,0.616,0.625,2.117,19.78%,0.877,0.03%,32.33%,0.081,0.504,10,6,0.334,0.184,0.176,"2024/10/08,2025/04/30",53.6,30,78,37,30,88,80,20,36,30,100,夏普:30 回撤:78 信息比率:37 年化:30 胜率:88 盈亏比:80 交易次数:20 阿尔法:36 索提诺:30 下单时段:100
2024_2_origin_py/73.实现净利润跳空策略,2023/9/1,2026/2/21,200000,08分07秒,40.16%,15.24%,13.24%,23.77%,0.049,1.173,0.324,0.532,1.539,41.94%,0.439,0.04%,37.58%,0.049,0.497,42,37,0.209,0.347,0.176,"2023/10/11,2024/02/07",39.9,16,30,30,30,72,65,60,31,15,100,夏普:16 回撤:30 信息比率:30 年化:30 胜率:72 盈亏比:65 交易次数:60 阿尔法:31 索提诺:15 下单时段:100
2024_2_origin_py/67.三因子策略年化21%简单多因子策略框架,2023/9/1,2026/2/21,200000,02分17秒,39.58%,15.04%,6.68%,30.84%,0.056,0.686,0.629,0.629,2.354,28.70%,0.717,0.02%,27.08%,-0.086,0.538,508,300,0.212,0.176,0.161,"2024/01/04,2024/02/07",52.2,30,55,31,30,88,80,100,32,30,100,夏普:30 回撤:55 信息比率:31 年化:30 胜率:88 盈亏比:80 交易次数:100 阿尔法:32 索提诺:30 下单时段:100
2022_origin_py/64.传统反转因子的改进与实测,2023/9/1,2026/2/21,200000,16分01秒,38.63%,14.71%,7.30%,29.19%,0.047,0.823,0.545,0.487,1.489,18.52%,0.93,0.02%,23.54%,-0.078,0.486,316,333,0.264,0.196,0.187,"2023/09/04,2024/09/06",51.6,27,78,33,30,60,45,100,31,30,100,夏普:27 回撤:78 信息比率:33 年化:30 胜率:60 盈亏比:45 交易次数:100 阿尔法:31 索提诺:30 下单时段:100
2025_origin_py/57韶华研究之十八，201系列,2023/9/1,2026/2/21,200000,16分05秒,37.91%,14.46%,5.86%,30.28%,0.084,0.264,0.373,0.522,1.27,22.93%,0.547,0.03%,32.13%,-0.052,0.459,145,133,0.09,0.281,0.161,"2025/03/20,2025/09/03",37.0,19,65,24,29,72,45,92,36,30,0,夏普:19 回撤:65 信息比率:24 年化:29 胜率:72 盈亏比:45 交易次数:92 阿尔法:36 索提诺:30 下单时段:0
2024_1_origin_py/16.大市值价值投资，从2005年至今超额稳定,2023/9/1,2026/2/21,200000,,36.71%,14.04%,10.45%,23.77%,0.055,0.836,0.432,0.685,2.456,18.09%,0.537,0.02%,17.08%,0.015,0.503,37,17,0.256,0.232,0.176,"2024/01/26,2024/02/05",53.1,22,78,33,29,92,80,60,32,30,100,夏普:22 回撤:78 信息比率:33 年化:29 胜率:92 盈亏比:80 交易次数:60 阿尔法:32 索提诺:30 下单时段:100
2022_origin_py/87.RSI衍生指标择时轮动A股ETF,2023/9/1,2026/2/21,200000,,35.63%,13.66%,9.58%,23.77%,0.077,0.36,0.525,0.255,1.976,14.69%,0.845,0.02%,27.69%,-0.004,0.492,12,35,0.208,0.184,0.176,"2024/01/23,2024/01/26",49.6,26,88,30,29,30,65,45,35,30,100,夏普:26 回撤:88 信息比率:30 年化:29 胜率:30 盈亏比:65 交易次数:45 阿尔法:35 索提诺:30 下单时段:100
2022_origin_py/58.100%胜率！历史PE估值价值投资择时交易,2023/9/1,2026/2/21,200000,00分28秒,34.14%,13.14%,8.38%,23.77%,0.048,0.807,0.582,1,68427.82,15.49%,0.734,0.01%,10.97%,-0.075,0.489,1,0,0.5,0.157,0.176,"2024/10/08,2025/04/07",51.8,28,78,45,28,40,100,20,31,30,100,夏普:28 回撤:78 信息比率:45 年化:28 胜率:40 盈亏比:100 交易次数:20 阿尔法:31 索提诺:30 下单时段:100
2024_2_origin_py/11.缠论交易策略,2023/9/1,2026/2/21,200000,00分11秒,33.52%,12.92%,7.88%,23.77%,0.037,0.966,0.263,1,67452,35.25%,0.279,0.03%,38.37%,-0.026,0.492,1,0,0.121,0.339,0.176,"2025/02/25,2025/04/07",39.2,13,45,26,28,40,100,20,30,15,100,夏普:13 回撤:45 信息比率:26 年化:28 胜率:40 盈亏比:100 交易次数:20 阿尔法:30 索提诺:15 下单时段:100
2024_2_origin_py/84.多大规模的基金收益最好？偏股基金规模研究,2023/9/1,2026/2/21,200000,01分12秒,32.27%,12.47%,6.18%,24.58%,0.03,0.964,0.446,0.235,0.442,22.45%,0.621,0.01%,18.54%,-0.168,0.548,12,39,0.324,0.19,0.176,"2023/09/07,2024/02/06",41.6,22,65,36,27,30,0,60,29,30,100,夏普:22 回撤:65 信息比率:36 年化:27 胜率:30 盈亏比:0 交易次数:60 阿尔法:29 索提诺:30 下单时段:100
2024_2_origin_py/88.打首板策略，今年收益达到40%，绝无未来函数（必回）,2023/9/1,2026/2/21,200000,62分40秒,31.63%,12.24%,6.35%,23.77%,0.028,1.007,0.234,0,0,36.01%,0.361,0.03%,33.40%,-0.045,0.496,0,0,0.094,0.353,0.176,"2024/10/29,2025/04/08",21.5,12,45,25,27,30,0,20,28,15,0,夏普:12 回撤:45 信息比率:25 年化:27 胜率:30 盈亏比:0 交易次数:20 阿尔法:28 索提诺:15 下单时段:0
2022_origin_py/12.回馈社区，分享市盈率股息率选股+均线止盈交易策略,2023/9/1,2026/2/21,200000,,30.50%,11.83%,5.43%,23.77%,0.045,0.618,0.398,1,77145.88,18.93%,0.638,0.02%,19.56%,-0.099,0.494,16,0,0.139,0.197,0.176,"2024/04/18,2024/09/10",47.4,20,78,27,27,40,100,20,31,30,100,夏普:20 回撤:78 信息比率:27 年化:27 胜率:40 盈亏比:100 交易次数:20 阿尔法:31 索提诺:30 下单时段:100
2025_origin_py/92行业宽度轮动研究,2023/9/1,2026/2/21,200000,03分30秒,30.23%,11.74%,-2.29%,33.29%,0.009,0.773,0.273,0.478,1.277,26.96%,0.417,0.01%,26.20%,-0.208,0.487,253,276,-0.046,0.284,0.208,"2024/03/18,2024/09/09",31.5,14,55,19,27,60,45,100,26,15,0,夏普:14 回撤:55 信息比率:19 年化:27 胜率:60 盈亏比:45 交易次数:100 阿尔法:26 索提诺:15 下单时段:0
2022_origin_py/22.多因子系列：基于多因子框架的收益预测模型,2023/9/1,2026/2/21,200000,03分50秒,30.12%,11.70%,-10.02%,44.61%,0.031,0.361,0.583,0.552,2.645,11.05%,0.708,-0.01%,33.71%,-0.459,0.516,502,408,-0.279,0.132,0.236,"2024/10/08,2024/10/11",46.0,28,92,14,27,82,90,100,29,30,0,夏普:28 回撤:92 信息比率:14 年化:27 胜率:82 盈亏比:90 交易次数:100 阿尔法:29 索提诺:30 下单时段:0
2024_2_origin_py/40.RSI学习贴,2023/9/1,2026/2/21,200000,00分58秒,29.81%,11.58%,4.87%,23.77%,0.03,0.847,0.366,0.543,1.86,33.12%,0.562,0.01%,22.99%,-0.135,0.497,38,32,0.151,0.207,0.176,"2023/09/06,2024/02/05",33.0,18,45,28,27,72,65,60,29,30,0,夏普:18 回撤:45 信息比率:28 年化:27 胜率:72 盈亏比:65 交易次数:60 阿尔法:29 索提诺:30 下单时段:0
2024_2_origin_py/66.ETF动量轮动MA乖离择时,2023/9/1,2026/2/21,200000,00分18秒,27.65%,10.80%,-18.07%,55.81%,-0.08,0.895,0.207,0.386,1.449,32.69%,0.346,-0.03%,27.92%,-0.757,0.489,22,35,-0.619,0.328,0.324,"2023/09/04,2024/09/10",33.2,10,45,8,26,30,45,60,23,15,100,夏普:10 回撤:45 信息比率:8 年化:26 胜率:30 盈亏比:45 交易次数:60 阿尔法:23 索提诺:15 下单时段:100
2025_origin_py/73微盘400每日再平衡,2023/9/1,2026/2/21,200000,07分51秒,26.95%,10.55%,-10.45%,41.76%,0.038,0.237,0.732,0.775,5.982,10.23%,0.869,-0.01%,37.46%,-0.379,0.489,1052,306,-0.235,0.089,0.283,"2024/04/02,2024/06/24",47.5,34,92,15,26,75,100,100,30,30,0,夏普:34 回撤:92 信息比率:15 年化:26 胜率:75 盈亏比:100 交易次数:100 阿尔法:30 索提诺:30 下单时段:0
2025_origin_py/90固收+,2023/9/1,2026/2/21,200000,00分11秒,26.77%,10.48%,17.36%,8.02%,0.068,0.484,1.646,1,13611.74,2.93%,1.86,0.03%,2.92%,0.749,0.588,8,0,1.82,0.039,0.016,"2026/01/29,2026/02/02",71.5,69,100,80,25,40,100,20,34,72,100,夏普:69 回撤:100 信息比率:80 年化:25 胜率:40 盈亏比:100 交易次数:20 阿尔法:34 索提诺:72 下单时段:100
2025_origin_py/91ETF-T0动量策略，年化 18%，回撤3.31%,2023/9/1,2026/2/21,200000,,25.48%,10.01%,-20.45%,57.73%,0.025,0.203,0.613,0.534,1.491,10.01%,0.84,-0.03%,32.79%,-0.67,0.415,132,115,-0.579,0.098,0.214,"2025/01/09,2025/01/16",41.4,30,92,8,25,72,45,92,28,30,0,夏普:30 回撤:92 信息比率:8 年化:25 胜率:72 盈亏比:45 交易次数:92 阿尔法:28 索提诺:30 下单时段:0
2024_2_origin_py/90.大师策略——柯林·麦克连成长价值优势投资法,2023/9/1,2026/2/21,200000,00分31秒,25.10%,9.87%,1.07%,23.77%,0.032,0.501,0.528,0.561,2.677,10.77%,0.659,0.00%,16.49%,-0.322,0.516,119,93,0.044,0.111,0.176,"2023/12/04,2024/02/05",56.0,26,92,22,25,82,90,92,29,30,100,夏普:26 回撤:92 信息比率:22 年化:25 胜率:82 盈亏比:90 交易次数:92 阿尔法:29 索提诺:30 下单时段:100
2025_origin_py/48投资回报率ROIC中等市值,2023/9/1,2026/2/21,200000,,25.07%,9.86%,1.05%,23.77%,0.019,0.737,0.351,0.529,1.867,19.40%,0.495,0.00%,25.62%,-0.312,0.492,18,16,0.042,0.167,0.176,"2024/10/08,2025/04/07",46.4,18,78,22,25,72,65,45,27,15,100,夏普:18 回撤:78 信息比率:22 年化:25 胜率:72 盈亏比:65 交易次数:45 阿尔法:27 索提诺:15 下单时段:100
2024_2_origin_py/27.中证500指增+CTA，胜率52%盈亏比1.9。不输顶尖私募,2023/9/1,2026/2/21,200000,,24.12%,9.50%,-14.17%,44.61%,-0.005,0.474,0.407,0.446,1.714,16.29%,0.547,-0.02%,26.88%,-0.712,0.513,41,51,-0.499,0.135,0.236,"2023/10/12,2024/09/18",45.2,20,78,10,24,45,65,72,25,30,100,夏普:20 回撤:78 信息比率:10 年化:24 胜率:45 盈亏比:65 交易次数:72 阿尔法:25 索提诺:30 下单时段:100
2024_2_origin_py/31.《趋势永存》持续16年跑赢大盘的真正靠谱策略,2023/9/1,2026/2/21,200000,03分24秒,22.38%,8.86%,-1.13%,23.77%,0.02,0.523,0.343,0.541,1.36,13.59%,0.371,0.00%,28.03%,-0.331,0.514,205,174,-0.038,0.142,0.176,"2024/05/13,2025/04/07",48.9,17,88,19,24,72,45,100,28,15,100,夏普:17 回撤:88 信息比率:19 年化:24 胜率:72 盈亏比:45 交易次数:100 阿尔法:28 索提诺:15 下单时段:100
2025_origin_py/24大容量低回撤价值投资-排除小市值因子,2023/9/1,2026/2/21,200000,,22.30%,8.83%,-15.43%,44.61%,0.009,0.306,0.495,0.583,2.878,7.75%,0.658,-0.02%,34.52%,-0.615,0.484,105,75,-0.449,0.097,0.236,"2023/12/04,2024/02/05",44.7,25,97,11,24,82,90,88,26,30,0,夏普:25 回撤:97 信息比率:11 年化:24 胜率:82 盈亏比:90 交易次数:88 阿尔法:26 索提诺:30 下单时段:0
2025_origin_py/60高股息V1.0（小程序公开股池）,2023/9/1,2026/2/21,200000,04分30秒,21.96%,8.70%,-8.50%,33.29%,-0.014,0.686,0.224,0.677,2.175,28.54%,0.337,-0.01%,34.92%,-0.459,0.506,21,10,-0.246,0.21,0.208,"2024/05/14,2024/09/13",32.1,11,55,15,24,92,80,45,25,15,0,夏普:11 回撤:55 信息比率:15 年化:24 胜率:92 盈亏比:80 交易次数:45 阿尔法:25 索提诺:15 下单时段:0
2025_origin_py/29穿越牛熊2.0(非小市值)年化50%的cta策略,2023/9/1,2026/2/21,200000,00分19秒,21.40%,8.49%,37.07%,-11.43%,0.092,0.522,0.334,0.459,1.419,11.84%,0.505,0.06%,11.20%,0.793,0.555,17,20,1.051,0.134,0.196,"2025/02/21,2025/07/01",53.4,17,92,65,23,60,45,45,36,30,100,夏普:17 回撤:92 信息比率:65 年化:23 胜率:60 盈亏比:45 交易次数:45 阿尔法:36 索提诺:30 下单时段:100
2022_origin_py/66.【配对交易】基于zscore的配对交易策略（胜率88.2%）,2023/9/1,2026/2/21,200000,00分13秒,20.79%,8.26%,-2.41%,23.77%,-0.004,0.866,0.184,0.6,5.257,27.62%,0.265,0.00%,35.99%,-0.285,0.486,3,2,-0.063,0.232,0.176,"2024/03/01,2024/09/13",41.5,9,55,19,23,82,100,20,25,15,100,夏普:9 回撤:55 信息比率:19 年化:23 胜率:82 盈亏比:100 交易次数:20 阿尔法:25 索提诺:15 下单时段:100
2024_2_origin_py/51.行业反转效应（年化32%回撤8%),2023/9/1,2026/2/21,200000,01分17秒,20.26%,8.06%,-2.84%,23.77%,-0.004,0.822,0.229,0.541,1.463,21.98%,0.314,0.00%,17.26%,-0.484,0.496,303,257,-0.122,0.177,0.176,"2023/09/04,2024/09/18",33.0,11,65,18,23,72,45,100,25,15,0,夏普:11 回撤:65 信息比率:18 年化:23 胜率:72 盈亏比:45 交易次数:100 阿尔法:25 索提诺:15 下单时段:0
2022_origin_py/90.相信波动率还是相信基本面？波动与估值因子A股驱动力测试,2023/9/1,2026/2/21,200000,02分15秒,19.98%,7.96%,-7.13%,29.19%,-0.018,0.778,0.225,0.675,2.215,20.24%,0.306,-0.01%,16.59%,-0.661,0.487,216,104,-0.318,0.176,0.187,"2023/09/04,2024/09/13",46.1,11,65,14,23,92,80,100,25,15,100,夏普:11 回撤:65 信息比率:14 年化:23 胜率:92 盈亏比:80 交易次数:100 阿尔法:25 索提诺:15 下单时段:100
2025_origin_py/87山寨红利,2023/9/1,2026/2/21,200000,00分42秒,19.86%,7.91%,-0.32%,20.25%,0.004,0.863,0.228,0.557,2.088,22.34%,0.296,0.00%,20.55%,-0.37,0.499,83,66,-0.013,0.171,0.153,"2024/05/21,2024/09/13",45.4,11,65,20,23,82,80,82,26,15,100,夏普:11 回撤:65 信息比率:20 年化:23 胜率:82 盈亏比:80 交易次数:82 阿尔法:26 索提诺:15 下单时段:100
2022_origin_py/65.价值选股与RSRS择时 py3版本,2023/9/1,2026/2/21,200000,,19.08%,7.61%,-3.79%,23.77%,0.006,0.563,0.238,0.665,2.001,15.15%,0.231,0.00%,21.78%,-0.407,0.503,127,64,-0.127,0.152,0.176,"2024/12/12,2025/04/07",38.6,12,78,17,23,92,80,88,26,15,0,夏普:12 回撤:78 信息比率:17 年化:23 胜率:92 盈亏比:80 交易次数:88 阿尔法:26 索提诺:15 下单时段:0
2024_2_origin_py/30.【超跌反弹v1.0】3年2.3倍的超跌反弹小牛股,2023/9/1,2026/2/21,200000,105分23秒,18.96%,7.57%,-3.89%,23.77%,0.001,0.651,0.168,0.308,1.103,23.29%,0.251,0.00%,31.40%,-0.3,0.482,48,108,-0.096,0.212,0.176,"2024/05/20,2024/08/29",28.8,8,65,18,23,30,45,88,25,15,0,夏普:8 回撤:65 信息比率:18 年化:23 胜率:30 盈亏比:45 交易次数:88 阿尔法:25 索提诺:15 下单时段:0
2022_origin_py/75.量价MACD组合择时——极速版,2023/9/1,2026/2/21,200000,00分13秒,18.90%,7.54%,-3.94%,23.77%,0.014,0.403,0.315,0.643,4.86,12.46%,0.363,0.00%,25.56%,-0.418,0.526,9,5,-0.134,0.112,0.176,"2024/10/08,2024/10/17",49.2,16,88,17,23,88,100,20,27,15,100,夏普:16 回撤:88 信息比率:17 年化:23 胜率:88 盈亏比:100 交易次数:20 阿尔法:27 索提诺:15 下单时段:100
2024_2_origin_py/53.超跌网格交易大法V1.2：稳健跑赢大盘-年化13%回撤7%,2023/9/1,2026/2/21,200000,00分56秒,18.68%,7.46%,-4.12%,23.77%,0.018,0.303,0.503,0.745,7.703,4.93%,0.914,0.00%,21.27%,-0.441,0.503,108,37,-0.147,0.069,0.176,"2023/10/12,2024/02/02",56.9,25,100,17,22,88,100,82,27,30,100,夏普:25 回撤:100 信息比率:17 年化:22 胜率:88 盈亏比:100 交易次数:82 阿尔法:27 索提诺:30 下单时段:100
2022_origin_py/74.基本面单因子测试——以BP因子为例,2023/9/1,2026/2/21,200000,,17.95%,7.18%,-8.71%,29.19%,-0.018,0.674,0.195,0.755,2.33,16.73%,0.27,-0.01%,20.67%,-0.65,0.501,117,38,-0.349,0.163,0.187,"2023/09/04,2024/09/13",46.2,10,78,13,22,75,80,88,25,15,100,夏普:10 回撤:78 信息比率:13 年化:22 胜率:75 盈亏比:80 交易次数:88 阿尔法:25 索提诺:15 下单时段:100
2024_2_origin_py/7.致敬经典作品——小兵哥《一致性风险度量》——极速版,2023/9/1,2026/2/21,200000,00分16秒,16.55%,6.65%,7.89%,8.02%,0.029,0.327,0.914,0.907,52.029,1.52%,1.021,0.01%,2.21%,-0.249,0.58,78,8,1.103,0.029,0.016,"2025/02/14,2025/03/11",64.3,42,100,65,22,40,100,72,29,55,100,夏普:42 回撤:100 信息比率:65 年化:22 胜率:40 盈亏比:100 交易次数:72 阿尔法:29 索提诺:55 下单时段:100
2024_2_origin_py/65.神级策略：桥水全天候策略-7年最大回撤仅3.5%,2023/9/1,2026/2/21,200000,00分14秒,16.55%,6.65%,7.89%,8.02%,0.029,0.327,0.914,0.907,52.029,1.52%,1.021,0.01%,2.21%,-0.249,0.58,78,8,1.103,0.029,0.016,"2025/02/14,2025/03/11",64.3,42,100,65,22,40,100,72,29,55,100,夏普:42 回撤:100 信息比率:65 年化:22 胜率:40 盈亏比:100 交易次数:72 阿尔法:29 索提诺:55 下单时段:100
2024_2_origin_py/81.低PB小市值低换手策略总结,2023/9/1,2026/2/21,200000,00分27秒,15.18%,6.12%,-6.95%,23.77%,-0.01,0.578,0.135,0.486,1.399,19.13%,0.197,-0.01%,20.81%,-0.498,0.503,392,414,-0.232,0.157,0.176,"2023/09/04,2024/07/10",43.0,7,78,15,21,60,45,100,25,15,100,夏普:7 回撤:78 信息比率:15 年化:21 胜率:60 盈亏比:45 交易次数:100 阿尔法:25 索提诺:15 下单时段:100
2024_2_origin_py/59.年化62%的动量策略,2023/9/1,2026/2/21,200000,57分01秒,15.03%,6.06%,-7.07%,23.77%,-0.042,1.157,0.06,0.532,1.157,39.10%,0.092,0.00%,35.92%,-0.256,0.474,771,677,-0.121,0.341,0.176,"2023/09/04,2024/02/07",37.3,3,45,18,21,72,45,100,24,15,100,夏普:3 回撤:45 信息比率:18 年化:21 胜率:72 盈亏比:45 交易次数:100 阿尔法:24 索提诺:15 下单时段:100
2022_origin_py/72.年化15.48%，盈亏比3.818的双均线策略,2023/9/1,2026/2/21,200000,00分15秒,14.49%,5.85%,-7.50%,23.77%,-0.021,0.735,0.12,0.429,1.816,20.48%,0.142,-0.01%,25.63%,-0.765,0.514,3,4,-0.369,0.154,0.176,"2024/10/08,2025/06/19",36.6,6,65,13,21,45,65,20,24,15,100,夏普:6 回撤:65 信息比率:13 年化:21 胜率:45 盈亏比:65 交易次数:20 阿尔法:24 索提诺:15 下单时段:100
2024_2_origin_py/69.场内基金定投价值平均增强策略，年化30%+,2023/9/1,2026/2/21,200000,00分14秒,14.01%,5.66%,-7.89%,23.77%,-0.018,0.644,0.129,1,3295.13,13.95%,0.183,-0.01%,19.31%,-0.846,0.508,4,0,-0.422,0.129,0.176,"2023/09/04,2024/09/13",42.6,6,88,12,21,40,100,20,25,15,100,夏普:6 回撤:88 信息比率:12 年化:21 胜率:40 盈亏比:100 交易次数:20 阿尔法:25 索提诺:15 下单时段:100
2024_1_origin_py/21.一种宏观数据的中长线策略，年化15%，最大回撤9%,2023/9/1,2026/2/21,200000,00分43秒,13.60%,5.50%,-8.22%,23.77%,-0.026,0.766,0.096,0.25,2.087,18.36%,0.132,-0.01%,13.13%,-0.829,0.518,6,18,-0.432,0.157,0.176,"2024/10/08,2025/04/07",38.8,5,78,11,20,30,80,30,24,15,100,夏普:5 回撤:78 信息比率:11 年化:20 胜率:30 盈亏比:80 交易次数:30 阿尔法:24 索提诺:15 下单时段:100
2024_2_origin_py/48.一种宏观数据的中长线策略，年化15%，最大回撤9%,2023/9/1,2026/2/21,200000,00分48秒,13.60%,5.50%,-8.22%,23.77%,-0.026,0.766,0.096,0.25,2.087,18.36%,0.132,-0.01%,13.13%,-0.829,0.518,6,18,-0.432,0.157,0.176,"2024/10/08,2025/04/07",38.8,5,78,11,20,30,80,30,24,15,100,夏普:5 回撤:78 信息比率:11 年化:20 胜率:30 盈亏比:80 交易次数:30 阿尔法:24 索提诺:15 下单时段:100
2022_origin_py/67.来自JPMorgan的VaR+EXPMA风险仓位控制,2023/9/1,2026/2/21,200000,,13.19%,5.34%,-8.55%,23.77%,-0.034,0.879,0.085,0.4,1.125,16.91%,0.118,-0.01%,12.98%,-2.152,0.487,8,12,-1.123,0.157,0.176,"2024/10/08,2025/05/28",34.9,4,78,0,20,30,45,30,24,15,100,夏普:4 回撤:78 信息比率:0 年化:20 胜率:30 盈亏比:45 交易次数:30 阿尔法:24 索提诺:15 下单时段:100
2024_2_origin_py/76.ETF-控制回撤性能拉满（国债ETF增强),2023/9/1,2026/2/21,200000,00分16秒,11.87%,4.82%,-9.62%,23.77%,0.005,0.056,0.227,0.859,2.875,5.53%,0.27,-0.01%,29.93%,-0.485,0.501,164,27,-0.268,0.036,0.176,"2024/12/27,2025/04/07",38.1,11,97,15,20,40,90,88,26,15,0,夏普:11 回撤:97 信息比率:15 年化:20 胜率:40 盈亏比:90 交易次数:88 阿尔法:26 索提诺:15 下单时段:0
2022_origin_py/84.MACD新研究，配合ETF十年稳稳的幸福,2023/9/1,2026/2/21,200000,00分10秒,10.08%,4.12%,-11.06%,23.77%,-0.036,0.684,0.008,0.471,1.81,20.97%,0.01,-0.02%,20.14%,-0.847,0.528,8,9,-0.503,0.149,0.176,"2024/10/08,2025/04/07",25.9,0,65,10,19,60,65,20,24,15,0,夏普:0 回撤:65 信息比率:10 年化:19 胜率:60 盈亏比:65 交易次数:20 阿尔法:24 索提诺:15 下单时段:0
2022_origin_py/97.基于机器学习的多因子选股策略,2023/9/1,2026/2/21,200000,32分19秒,9.95%,4.07%,-17.51%,33.29%,-0.057,0.651,0.002,0.394,0.993,35.09%,0.003,-0.02%,32.89%,-0.451,0.506,13,20,-0.336,0.285,0.208,"2023/12/05,2024/06/04",28.8,0,45,13,19,30,20,45,24,15,100,夏普:0 回撤:45 信息比率:13 年化:19 胜率:30 盈亏比:20 交易次数:45 阿尔法:24 索提诺:15 下单时段:100
2022_origin_py/11.林奇PEG选股轮动，十年20倍，有止损模块,2023/9/1,2026/2/21,200000,00分26秒,7.73%,3.18%,-12.96%,23.77%,-0.042,0.629,-0.047,0.591,1.377,15.54%,-0.052,-0.02%,27.79%,-0.644,0.497,110,76,-0.41,0.175,0.176,"2024/12/12,2025/05/30",31.0,0,78,12,18,82,45,88,24,0,0,夏普:0 回撤:78 信息比率:12 年化:18 胜率:82 盈亏比:45 交易次数:88 阿尔法:24 索提诺:0 下单时段:0
2024_2_origin_py/57.别人恐惧我贪婪3——年化20%的股债组合,2023/9/1,2026/2/21,200000,00分11秒,7.63%,3.14%,-13.04%,23.77%,-0.012,0.058,-0.133,1,13685.3,4.60%,-0.115,-0.02%,29.51%,-0.548,0.492,3,0,-0.351,0.065,0.176,"2024/11/21,2024/11/26",42.6,0,100,13,18,40,100,20,25,0,100,夏普:0 回撤:100 信息比率:13 年化:18 胜率:40 盈亏比:100 交易次数:20 阿尔法:25 索提诺:0 下单时段:100
2022_origin_py/48.买不到710亿爆款基金怎么办？自己做一个量化价值成长策略吧,2023/9/1,2026/2/21,200000,00分23秒,7.18%,2.96%,-13.41%,23.77%,-0.052,0.776,-0.063,0.382,0.912,22.56%,-0.095,-0.02%,28.59%,-0.964,0.462,29,47,-0.627,0.166,0.176,"2024/03/18,2024/09/13",31.5,0,65,7,18,30,20,60,24,0,100,夏普:0 回撤:65 信息比率:7 年化:18 胜率:30 盈亏比:20 交易次数:60 阿尔法:24 索提诺:0 下单时段:100
2025_origin_py/59追板策略，今年收益已翻倍，低操作低回撤高收益可实盘,2023/9/1,2026/2/21,200000,32分06秒,5.20%,2.15%,-15.00%,23.77%,-0.038,0.359,-0.037,0.505,1.036,74.46%,-0.056,0.02%,80.26%,-0.211,0.492,102,100,-0.144,0.494,0.176,"2024/06/06,2025/12/05",28.0,0,5,17,17,72,45,92,24,0,100,夏普:0 回撤:5 信息比率:17 年化:17 胜率:72 盈亏比:45 交易次数:92 阿尔法:24 索提诺:0 下单时段:100
2022_origin_py/38.【期货策略】钢厂利润模型-螺纹钢铁矿石焦炭套利,2023/9/1,2026/2/21,200000,00分14秒,4.92%,2.04%,1.39%,3.48%,-0.038,-0.732,-0.517,0.593,1.494,5.08%,-0.741,0.00%,5.85%,-0.897,0.491,16,11,0.155,0.038,0.002,"2024/08/28,2025/01/27",43.9,0,97,28,17,82,45,30,24,0,100,夏普:0 回撤:97 信息比率:28 年化:17 胜率:82 盈亏比:45 交易次数:30 阿尔法:24 索提诺:0 下单时段:100
2024_2_origin_py/78.ffscore选股加rsrs择时,2023/9/1,2026/2/21,200000,00分43秒,3.97%,1.65%,-16.00%,23.77%,-0.069,0.851,-0.117,0.451,1.105,28.61%,-0.149,-0.03%,31.92%,-0.816,0.501,74,90,-0.568,0.2,0.176,"2023/09/01,2025/05/27",34.7,0,55,9,17,60,45,88,23,0,100,夏普:0 回撤:55 信息比率:9 年化:17 胜率:60 盈亏比:45 交易次数:88 阿尔法:23 索提诺:0 下单时段:100
2022_origin_py/85.年化20%+的极简指数增强，受RSRS和LLT启发,2023/9/1,2026/2/21,200000,,1.44%,0.60%,-18.04%,23.77%,-0.045,0.207,-0.296,0.4,1.081,17.71%,-0.352,-0.03%,28.84%,-0.684,0.474,30,45,-0.496,0.115,0.176,"2023/09/04,2024/08/28",35.6,0,78,10,16,30,45,60,24,0,100,夏普:0 回撤:78 信息比率:10 年化:16 胜率:30 盈亏比:45 交易次数:60 阿尔法:24 索提诺:0 下单时段:100
2024_1_origin_py/27.根据大小盘相对强弱选择合适的板块股票进行交易,2023/9/1,2026/2/21,200000,01分15秒,1.21%,0.51%,-28.14%,40.84%,-0.114,0.686,-0.149,0.535,1.035,44.73%,-0.145,-0.05%,49.78%,-0.866,0.514,114,99,-0.763,0.234,0.209,"2024/01/02,2025/01/03",30.6,0,30,5,16,72,45,92,22,0,100,夏普:0 回撤:30 信息比率:5 年化:16 胜率:72 盈亏比:45 交易次数:92 阿尔法:22 索提诺:0 下单时段:100
2022_origin_py/80.小盘价值股策略2.01，年化131%，回撤8.8%,2023/9/1,2026/2/21,200000,01分15秒,0.83%,0.35%,-18.53%,23.77%,-0.037,0.014,-7.757,0.638,4.609,0.37%,-9.54,-0.03%,33.37%,-0.709,0.487,37,21,-0.52,0.005,0.176,"2024/04/02,2024/09/18",47.1,0,100,10,15,88,100,60,24,0,100,夏普:0 回撤:100 信息比率:10 年化:15 胜率:88 盈亏比:100 交易次数:60 阿尔法:24 索提诺:0 下单时段:100
2024_2_origin_py/61.简单ETF策略，年化97%,2023/9/1,2026/2/21,200000,02分08秒,0.26%,0.11%,-23.11%,30.38%,-0.075,0.46,-0.23,0.333,1.043,21.65%,-0.314,-0.04%,33.01%,-0.816,0.467,5,10,-0.66,0.17,0.181,"2023/09/04,2024/09/11",30.9,0,65,7,15,30,45,20,23,0,100,夏普:0 回撤:65 信息比率:7 年化:15 胜率:30 盈亏比:45 交易次数:20 阿尔法:23 索提诺:0 下单时段:100
2024_2_origin_py/47.别人恐惧我贪婪——重视大盘择时,2023/9/1,2026/2/21,200000,00分28秒,-0.32%,-0.13%,-19.46%,23.77%,-0.042,0.022,-1.333,0.5,0.988,2.53%,-0.427,-0.03%,34.26%,-0.729,0.487,21,21,-0.544,0.031,0.176,"2025/01/24,2025/02/05",39.3,0,100,9,15,60,20,45,24,0,100,夏普:0 回撤:100 信息比率:9 年化:15 胜率:60 盈亏比:20 交易次数:45 阿尔法:24 索提诺:0 下单时段:100
2024_1_origin_py/10.多因子宽基ETF择时轮动改进版-高收益大资金低回撤,2023/9/1,2026/2/21,200000,00分26秒,-0.77%,-0.33%,-36.31%,55.81%,-0.092,0.299,-0.251,0.363,1.018,17.40%,-0.463,-0.06%,48.97%,-0.808,0.506,45,79,-0.775,0.172,0.324,"2023/09/22,2024/09/04",25.7,0,78,4,15,30,45,82,23,0,0,夏普:0 回撤:78 信息比率:4 年化:15 胜率:30 盈亏比:45 交易次数:82 阿尔法:23 索提诺:0 下单时段:0
2024_2_origin_py/41.手把手教你“机器学习-动态多因子选股”(附保姆级教程),2023/9/1,2026/2/21,200000,04分24秒,-0.78%,-0.33%,-24.16%,30.84%,-0.125,1.027,-0.218,0.455,0.108,23.60%,-0.325,-0.04%,25.62%,-1.375,0.464,15,18,-1.126,0.198,0.161,"2023/09/04,2024/09/13",30.4,0,65,0,15,60,0,45,22,0,100,夏普:0 回撤:65 信息比率:0 年化:15 胜率:60 盈亏比:0 交易次数:45 阿尔法:22 索提诺:0 下单时段:100
2022_origin_py/39.个股择时有效？因子选股+双均线择时效果初步尝试,2023/9/1,2026/2/21,200000,12分44秒,-0.95%,-0.40%,-23.33%,29.19%,-0.072,0.378,-0.431,0.358,1.11,9.29%,-0.457,-0.04%,35.52%,-1.069,0.518,303,544,-0.855,0.102,0.187,"2023/09/04,2024/09/13",39.7,0,97,3,15,30,45,100,23,0,100,夏普:0 回撤:97 信息比率:3 年化:15 胜率:30 盈亏比:45 交易次数:100 阿尔法:23 索提诺:0 下单时段:100
2024_2_origin_py/18.动量ETF轮动-RSRS择时-卡尔曼滤波,2023/9/1,2026/2/21,200000,,-3.76%,-1.60%,-38.23%,55.81%,-0.192,0.825,-0.177,0.348,0.997,40.29%,-0.28,-0.07%,43.74%,-1.241,0.474,24,45,-1.237,0.316,0.324,"2023/09/04,2024/09/10",13.7,0,30,0,14,30,20,60,20,0,0,夏普:0 回撤:30 信息比率:0 年化:14 胜率:30 盈亏比:20 交易次数:60 阿尔法:20 索提诺:0 下单时段:0
2022_origin_py/55.【策略研发】三进兵策略（变形版）,2023/9/1,2026/2/21,200000,,-5.48%,-2.34%,-23.63%,23.77%,-0.077,0.253,-0.772,0.22,0.798,12.86%,-0.807,-0.04%,35.73%,-0.992,0.479,13,46,-0.79,0.082,0.176,"2024/10/08,2025/08/11",34.8,0,88,4,14,30,20,60,23,0,100,夏普:0 回撤:88 信息比率:4 年化:14 胜率:30 盈亏比:20 交易次数:60 阿尔法:23 索提诺:0 下单时段:100
2024_2_origin_py/2.ETF动量轮动RSRS择时-魔改3小优化,2023/9/1,2026/2/21,200000,00分22秒,-5.53%,-2.36%,-23.67%,23.77%,-0.14,1.417,-0.201,0.343,0.977,40.27%,-0.318,-0.04%,33.22%,-0.719,0.439,23,44,-0.562,0.317,0.176,"2023/09/04,2024/09/10",14.9,0,30,9,14,30,20,60,22,0,0,夏普:0 回撤:30 信息比率:9 年化:14 胜率:30 盈亏比:20 交易次数:60 阿尔法:22 索提诺:0 下单时段:0
2025_origin_py/36快过年了。不想呆在小市值的，可以拿这个策略躲一躲,2023/9/1,2026/2/21,200000,00分21秒,-7.25%,-3.11%,-40.47%,55.81%,-0.122,0.307,-0.414,0.362,0.943,18.16%,-0.719,-0.07%,51.64%,-0.908,0.501,42,74,-0.891,0.172,0.324,"2023/09/22,2024/09/102025_origin_py/10.10年52倍，年化59，全新因子方法超稳定",23.6,0,78,2,13,30,20,82,22,0,0,夏普:0 回撤:78 信息比率:2 年化:13 胜率:30 盈亏比:20 交易次数:82 阿尔法:22 索提诺:0 下单时段:0
2022_origin_py/24.龙头低波市值平均轮动策略,2023/9/1,2026/2/21,200000,00分12秒,-7.45%,-3.20%,-25.23%,23.77%,-0.104,0.597,-0.446,0.59,0.972,21.71%,-0.667,-0.04%,34.44%,-1.09,0.462,46,32,-0.886,0.162,0.176,"2024/10/08,2025/02/252022_origin_py/53.【指标研究】MACD日、周、月以及分别级别研究（包含低位二次金叉算法）",34.1,0,65,2,13,82,20,60,22,0,100,夏普:0 回撤:65 信息比率:2 年化:13 胜率:82 盈亏比:20 交易次数:60 阿尔法:22 索提诺:0 下单时段:100
2024_2_origin_py/72.随机森林 - 多因子模型,2023/9/1,2026/2/21,200000,10分54秒,-7.76%,-3.34%,-25.48%,23.77%,-0.106,0.613,-0.42,0.495,0.942,23.07%,-0.551,-0.04%,35.53%,-1.028,0.513,51,52,-0.829,0.175,0.176,"2024/09/30,2025/04/07",33.6,0,65,3,13,60,20,82,22,0,100,夏普:0 回撤:65 信息比率:3 年化:13 胜率:60 盈亏比:20 交易次数:82 阿尔法:22 索提诺:0 下单时段:100
2024_2_origin_py/33.胜率88.9%之君正集团策略-大阳分歧反包,2023/9/1,2026/2/21,200000,108分41秒,-8.15%,-3.51%,-25.79%,23.77%,-0.073,-0.043,-0.253,0.667,0.693,45.09%,-0.141,-0.03%,52.09%,-0.452,0.486,4,2,-0.369,0.297,0.176,"2023/09/01,2024/11/19",28.1,0,30,13,13,92,20,20,23,0,100,夏普:0 回撤:30 信息比率:13 年化:13 胜率:92 盈亏比:20 交易次数:20 阿尔法:23 索提诺:0 下单时段:100
2024_1_origin_py/30.挖掘中国特色的估值体系投资机会，年化150%+,2023/9/1,2026/2/21,200000,02分23秒,-8.95%,-3.86%,-26.44%,23.77%,-0.119,0.748,-0.385,0.35,1.388,20.73%,-0.579,-0.05%,33.37%,-0.995,0.449,7,13,-0.815,0.204,0.176,"2024/05/22,2024/09/13",20.7,0,65,4,13,30,45,30,22,0,0,夏普:0 回撤:65 信息比率:4 年化:13 胜率:30 盈亏比:45 交易次数:30 阿尔法:22 索提诺:0 下单时段:0
2024_2_origin_py/60.ETF动量轮动RSRS择时-v2,2023/9/1,2026/2/21,200000,00分23秒,-11.07%,-4.81%,-42.92%,55.81%,-0.19,0.616,-0.317,0.344,0.971,37.57%,-0.484,-0.08%,49.42%,-1.086,0.503,53,101,-1.101,0.278,0.324,"2024/10/08,2025/06/20",17.5,0,45,0,13,30,20,88,20,0,0,夏普:0 回撤:45 信息比率:0 年化:13 胜率:30 盈亏比:20 交易次数:88 阿尔法:20 索提诺:0 下单时段:0
2022_origin_py/83.穿越十年牛熊：沪深300成分股配合macd的价投择时策略,2023/9/1,2026/2/21,200000,,-14.26%,-6.26%,-30.72%,23.77%,-0.117,0.265,-0.965,0.412,0.662,19.40%,-0.867,-0.06%,40.95%,-1.149,0.471,28,40,-0.972,0.106,0.176,"2024/07/19,2025/04/07",33.4,0,78,1,12,45,20,60,22,0,100,夏普:0 回撤:78 信息比率:1 年化:12 胜率:45 盈亏比:20 交易次数:60 阿尔法:22 索提诺:0 下单时段:100
2024_2_origin_py/21.行业ETF轮动+择时，15年至今年化收益35%，回撤16%,2023/9/1,2026/2/21,200000,01分05秒,-17.70%,-7.86%,-33.50%,23.77%,-0.144,0.466,-0.517,0.548,0.811,35.81%,-0.577,-0.06%,49.35%,-0.844,0.469,40,33,-0.737,0.229,0.176,"2024/03/22,2025/08/13",29.9,0,45,5,11,72,20,60,21,0,100,夏普:0 回撤:45 信息比率:5 年化:11 胜率:72 盈亏比:20 交易次数:60 阿尔法:21 索提诺:0 下单时段:100
2024_2_origin_py/50.ETF动量轮动RSRS择时-V2.1,2023/9/1,2026/2/21,200000,00分22秒,-19.53%,-8.73%,-48.35%,55.81%,-0.226,0.598,-0.466,0.356,0.872,35.17%,-0.677,-0.10%,54.38%,-1.216,0.508,52,94,-1.258,0.273,0.324,"2024/10/08,2026/02/02",17.0,0,45,0,11,30,20,82,19,0,0,夏普:0 回撤:45 信息比率:0 年化:11 胜率:30 盈亏比:20 交易次数:82 阿尔法:19 索提诺:0 下单时段:0
2024_2_origin_py/37.三阳三阴战法,2023/9/1,2026/2/21,200000,313分40秒,-29.40%,-13.61%,-42.96%,23.77%,-0.222,0.857,-0.365,0,0,61.78%,-0.462,-0.05%,67.13%,-0.544,0.516,0,0,-0.5,0.483,0.176,"2023/12/27,2024/08/27",16.9,0,5,10,8,30,0,20,19,0,100,夏普:0 回撤:5 信息比率:10 年化:8 胜率:30 盈亏比:0 交易次数:20 阿尔法:19 索提诺:0 下单时段:100
2024_2_origin_py/77.龙头弱转强战法,2023/9/1,2026/2/21,200000,06分58秒,-31.42%,-14.65%,-44.59%,23.77%,-0.188,0.022,-0.691,0.475,0.862,61.65%,-0.83,-0.08%,73.50%,-0.812,0.476,86,95,-0.751,0.27,0.176,"2024/09/06,2025/09/15",22.7,0,5,5,8,60,20,88,20,0,100,夏普:0 回撤:5 信息比率:5 年化:8 胜率:60 盈亏比:20 交易次数:88 阿尔法:20 索提诺:0 下单时段:100
2025_origin_py/96首版+2版龙虎榜挖掘V2.0，年化1400,2023/9/1,2026/2/21,200000,14分15秒,-67.47%,-37.62%,-73.72%,23.77%,-0.436,0.374,-0.585,0.418,0.944,89.49%,-0.749,-0.12%,92.58%,-0.657,0.499,38,53,-0.655,0.712,0.176,"2024/01/26,2026/02/05",10.2,0,5,7,0,45,20,72,14,0,0,夏普:0 回撤:5 信息比率:7 年化:0 胜率:45 盈亏比:20 交易次数:72 阿尔法:14 索提诺:0 下单时段:0
2024_2_origin_py/8.14个月200%，超短线实盘交易策略！无未来函数,2023/9/1,2026/2/21,200000,84分46秒,-77.16%,-46.23%,-81.54%,23.77%,-0.521,0.341,-1.289,0.481,0.773,81.43%,-1.533,-0.25%,86.88%,-1.364,0.437,165,178,-1.383,0.39,0.176,"2023/12/19,2026/02/11",21.5,0,5,0,0,60,20,100,12,0,100,夏普:0 回撤:5 信息比率:0 年化:0 胜率:60 盈亏比:20 交易次数:100 阿尔法:12 索提诺:0 下单时段:100
2025_origin_py/88WY大神的“龙头打板”策略小改,2023/9/1,2026/2/21,200000,35分37秒,-77.60%,-46.67%,-81.90%,23.77%,-0.533,0.482,-0.879,0,0,87.64%,-1.227,-0.22%,91.05%,-0.956,0.449,0,180,-0.97,0.577,0.176,"2023/12/26,2025/04/08",7.6,0,5,1,0,30,0,88,12,0,0,夏普:0 回撤:5 信息比率:1 年化:0 胜率:30 盈亏比:0 交易次数:88 阿尔法:12 索提诺:0 下单时段:0
2022_origin_py/71.年化42%的市值选股与阶梯调仓策略,2023/9/1,2026/2/21,200000,05分34秒,-77.90%,-46.97%,-82.15%,23.77%,-0.531,0.396,-1.731,0.448,0.776,80.64%,-2.109,-0.27%,85.17%,-1.823,0.464,1614,1985,-1.846,0.295,0.176,"2023/10/16,2026/01/19",10.4,0,5,0,0,45,20,100,12,0,0,夏普:0 回撤:5 信息比率:0 年化:0 胜率:45 盈亏比:20 交易次数:100 阿尔法:12 索提诺:0 下单时段:0
2025_origin_py/2连板龙头策略,2023/9/1,2026/2/21,200000,37分18秒,-84.14%,-53.86%,-87.18%,23.77%,-0.581,0.04,-1.377,0.408,0.683,90.06%,-2.145,-0.30%,92.05%,-1.364,0.413,170,247,-1.397,0.42,0.176,"2023/10/25,2025/07/28",10.4,0,5,0,0,45,20,100,10,0,0,夏普:0 回撤:5 信息比率:0 年化:0 胜率:45 盈亏比:20 交易次数:100 阿尔法:10 索提诺:0 下单时段:0
2025_origin_py/93.234板介入-2023年14倍-无未来,2023/9/1,2026/2/21,200000,33分21秒,-98.62%,-83.49%,-98.89%,23.77%,-0.878,0.054,-0.96,0.431,0.887,99.81%,-1.359,-0.58%,99.86%,-0.96,0.45,75,99,-1.002,0.911,0.176,"2024/01/02,2025/12/25",9.5,0,5,0,0,45,20,88,3,0,0,夏普:0 回撤:5 信息比率:0 年化:0 胜率:45 盈亏比:20 交易次数:88 阿尔法:3 索提诺:0 下单时段:0
